-- --------------------------------------------------------
-- Host:                         127.0.0.1
-- Server versie:                5.6.26 - MySQL Community Server (GPL)
-- Server OS:                    Win32
-- HeidiSQL Versie:              9.3.0.4984
-- --------------------------------------------------------

/*!40101 SET @OLD_CHARACTER_SET_CLIENT=@@CHARACTER_SET_CLIENT */;
/*!40101 SET NAMES utf8mb4 */;
/*!40014 SET @OLD_FOREIGN_KEY_CHECKS=@@FOREIGN_KEY_CHECKS, FOREIGN_KEY_CHECKS=0 */;
/*!40101 SET @OLD_SQL_MODE=@@SQL_MODE, SQL_MODE='NO_AUTO_VALUE_ON_ZERO' */;

-- Databasestructuur van oefen wordt geschreven
CREATE DATABASE IF NOT EXISTS `oefen` /*!40100 DEFAULT CHARACTER SET latin1 */;
USE `oefen`;


-- Structuur van  tabel oefen.artiest_groep wordt geschreven
CREATE TABLE IF NOT EXISTS `artiest_groep` (
  `ID` int(11) NOT NULL,
  `Naam` varchar(50) NOT NULL,
  PRIMARY KEY (`ID`)
) ENGINE=InnoDB DEFAULT CHARSET=latin1;

-- Dumpen data van tabel oefen.artiest_groep: ~420 rows (ongeveer)
DELETE FROM `artiest_groep`;
/*!40000 ALTER TABLE `artiest_groep` DISABLE KEYS */;
INSERT INTO `artiest_groep` (`ID`, `Naam`) VALUES
	(-2141884017, 'Jacksons'),
	(-2136057539, 'Connels, The'),
	(-2120574607, 'Moby'),
	(-2114565752, 'Them'),
	(-2113676125, 'live'),
	(-2111770804, 'Procol Harum'),
	(-2106704187, 'Christopher Cross'),
	(-2084417397, 'Japan'),
	(-2056965358, 'Bad English'),
	(-2053921484, 'Machine'),
	(-2052846374, 'Ike & Tina Turner'),
	(-2052401597, 'Chicago'),
	(-2050758282, 'Nancy Sinatra'),
	(-2045884541, 'Mud'),
	(-2029565386, 'Robbie Williams'),
	(-2027109116, 'Searchers'),
	(-1965229465, 'George McCrae'),
	(-1964439425, 'Chrispian St.Peters'),
	(-1951713185, 'Sniff\'n the tears'),
	(-1950379028, 'Nilsson, Harry'),
	(-1935131992, 'Living Colour'),
	(-1931196078, 'Led Zeppelin'),
	(-1922036893, 'Black Sabbath'),
	(-1922003322, 'J.J. Cale'),
	(-1908622550, 'Peter Frampton'),
	(-1873959275, 'Ekseption'),
	(-1866398599, 'Melissa Etheridge'),
	(-1863579724, 'Dido'),
	(-1845098846, 'Clannad'),
	(-1842101899, 'Waterboys'),
	(-1840895747, 'Foreigner'),
	(-1832268060, 'Metallica'),
	(-1829197801, 'Status Quo'),
	(-1825551673, 'REM'),
	(-1790411042, 'Monkees'),
	(-1752859288, 'Peter Gabriel & Kate Bush'),
	(-1751966251, 'Rainbow'),
	(-1741456544, 'Trammps'),
	(-1725996728, 'Joe Jackson'),
	(-1721246404, 'Acda en de Munnik'),
	(-1717293499, 'John Lennon'),
	(-1711447613, 'Joe Cocker'),
	(-1697085244, 'Frijid Pink'),
	(-1689745391, 'Dave Clark Five'),
	(-1675388235, 'Cult'),
	(-1651497422, 'Electric Light Orchestra'),
	(-1649784257, 'Faith No More'),
	(-1625861591, 'Chris de Burgh'),
	(-1607996025, 'Emerson, Lake & Palmer'),
	(-1601482825, 'Kate Bush'),
	(-1597499331, 'Sade'),
	(-1596374408, 'Cranberries'),
	(-1559947503, 'Shoes'),
	(-1541988127, 'Fine Young Cannibals'),
	(-1507315126, 'Ten Years After'),
	(-1503944397, 'Kings of Leon'),
	(-1498270497, 'Lovin\' Spoonful'),
	(-1497180445, 'Gilbert O\'Sullivan'),
	(-1489825606, 'Sam the Sham & Pharaohs'),
	(-1465249295, 'Elvis Presley'),
	(-1454551761, 'Arthur Brown'),
	(-1434564204, 'Alanis Morissette'),
	(-1425085117, 'Richard Marx'),
	(-1416427618, 'Red hot chili peppers'),
	(-1410846369, 'Diana Ross'),
	(-1386702764, 'Christie'),
	(-1383788118, 'Gerry Rafferty'),
	(-1381457460, 'Hunters'),
	(-1361802437, 'Train'),
	(-1330843032, 'Bløf'),
	(-1324770548, 'Doors'),
	(-1311911580, 'Edwin Hawkins Singers'),
	(-1309200378, 'Queen'),
	(-1296941165, 'Steve Winwood'),
	(-1279704241, 'Meredith Brooks'),
	(-1276897926, 'Uriah Heep'),
	(-1256775321, 'Zen'),
	(-1256230491, 'Soft Cell'),
	(-1239858562, 'Lifehouse'),
	(-1205214478, 'Janis Joplin'),
	(-1188326341, 'Fiction Factory'),
	(-1185728452, 'Mouth & MacNeal'),
	(-1184636307, 'Percy Sledge'),
	(-1179306573, 'Corrs, The'),
	(-1158907220, 'Run DMC & Aerosmith'),
	(-1142401074, 'Roxy Music'),
	(-1131813176, 'Roaring Sixties'),
	(-1122464909, 'Four non blondes'),
	(-1122223101, 'Europe'),
	(-1122183888, 'Mike Oldfield'),
	(-1108836583, 'Cream'),
	(-1103878449, 'Styx'),
	(-1083615753, 'Fleetwood Mac'),
	(-1055337201, 'R. Kelly'),
	(-1054053040, 'Shocking Blue'),
	(-1034827251, 'Temptations'),
	(-1029447057, 'Krezip'),
	(-1025821717, 'Cure, The'),
	(-1020756058, 'Oasis'),
	(-1002218262, 'Deep Blue Something'),
	(-1000376876, 'John Hiatt'),
	(-989019880, 'Bread'),
	(-930050532, 'George Michael'),
	(-913747119, 'Patti Smith Group'),
	(-904616370, 'Kansas'),
	(-903811847, 'Earth & Fire'),
	(-898602868, 'Mark & Clark Band'),
	(-895927624, 'Normaal'),
	(-887789578, 'Extreme'),
	(-873187409, 'Verve, The'),
	(-871741411, 'Steve Miller Band'),
	(-870280204, 'Pink Floyd'),
	(-852239648, 'Alphaville'),
	(-851547330, 'Paul Anka'),
	(-848788870, 'Fortunes'),
	(-846903740, 'Orchestral Manoeuvres i Dark'),
	(-845070712, 'Everly Brothers'),
	(-842508195, 'Procol Harum & Edmonton Symp'),
	(-837241314, 'Jewel'),
	(-830271915, 'Jane Birkin & Serge Gainsbrg'),
	(-827790526, 'Pointer Sisters'),
	(-817989901, 'No Doubt'),
	(-817755112, 'Pussycat'),
	(-785555505, 'Easy Beats'),
	(-777034899, 'Bill Haley & Comets'),
	(-771385000, 'Melanie'),
	(-769316494, 'Buoys'),
	(-764305344, 'Bon Jovi'),
	(-751609904, 'Lenny Kravitz'),
	(-745193175, 'Rob Hoeke\'s R&B Group'),
	(-734839080, 'Stevie Wonder'),
	(-722648496, 'Dan Hartman'),
	(-713548807, 'Sting'),
	(-699503055, 'Cars'),
	(-693187772, 'Babys, The'),
	(-686148219, 'Toto'),
	(-684544022, 'Slade'),
	(-681442901, 'Gary Puckett & Union Gap'),
	(-676365007, 'Raymond van het Groenewoud'),
	(-671687381, 'Ozzy Osbourne'),
	(-667417962, 'Smokie'),
	(-665117463, 'Therapy'),
	(-659339082, 'Johann Strauss'),
	(-657243780, 'Jimi Hendrix Experience'),
	(-655705941, 'Who, The'),
	(-652305711, 'Yes'),
	(-649347930, 'Art Garfunkel'),
	(-640638345, 'American Breed'),
	(-638308453, 'Bobby Goldsboro'),
	(-610922400, 'Fields'),
	(-610283353, 'David Bowie'),
	(-603589471, 'Kane'),
	(-598895569, 'Oleta Adams'),
	(-598389161, 'Prince '),
	(-587732275, 'Joan Jett & Blackhearts'),
	(-581871372, 'Blue Nile'),
	(-577697417, 'Nickelback'),
	(-571892622, 'Ram Jam'),
	(-562150732, 'Snow Patrol'),
	(-545851577, 'Jimi Hendrix'),
	(-516134693, 'Mama\'s & Papa\'s'),
	(-502511414, 'Mr. Mister'),
	(-489486865, 'Seal'),
	(-484279479, 'Peter Maffay'),
	(-470751646, 'Traffic'),
	(-470635711, 'Bonnie Tyler'),
	(-452266073, 'Simple Minds'),
	(-448843522, 'Dave Davies'),
	(-446377665, 'Tom Jones'),
	(-424050375, 'Bruce Hornsby & The Range'),
	(-418400280, 'Glen Frey'),
	(-416975414, 'Aerosmith'),
	(-401115532, 'Guns ’N Roses'),
	(-392432807, 'Archies'),
	(-392017120, 'Jon & Vangelis'),
	(-391417133, 'Bravos, Los'),
	(-390932839, 'Kiss'),
	(-379033558, 'Billy Joel'),
	(-350151227, 'Robin Gibb'),
	(-323664070, 'Kim Wilde'),
	(-309855186, 'Spin Doctors'),
	(-300430893, 'Puff Daddy'),
	(-286993727, 'Het Goede Doel'),
	(-268283762, 'Twice as Much'),
	(-245311029, 'Sutherland Brothers & Quiver'),
	(-244772187, 'Dire Straits'),
	(-234207170, 'Beach Boys'),
	(-227070463, 'Spencer Davis Group'),
	(-222576938, 'Blondie'),
	(-222342397, 'Thelma Houston'),
	(-197100644, 'Pearl Jam'),
	(-192711247, 'Jethro Tull'),
	(-163269365, 'Byrds'),
	(-159235064, 'Mungo Jerry'),
	(-155502526, 'Bob Marley & The Wailers'),
	(-135576096, 'New Order'),
	(-113005218, 'Elvis Presley vs. JXL'),
	(-102436895, 'Troggs'),
	(-89118563, 'Massive Attack'),
	(-61650428, 'Crosby Stills Nash & Young'),
	(-56600955, 'Family Dog'),
	(-52728532, 'Keane'),
	(-42127642, 'Klein Orkest'),
	(-41538071, 'Exile'),
	(-41019207, 'Iron Butterfly'),
	(-18736803, 'Boudewijn de Groot'),
	(12761441, 'Amen Corner'),
	(21009856, 'Herman\'s Hermits'),
	(23949240, 'Aphrodite\'s Child'),
	(36703305, 'Bløf & Counting Crows'),
	(41000947, 'Anouk'),
	(56281817, 'Four Tops'),
	(70095452, 'Sinead O\'Connor'),
	(73966683, 'Spandau Ballet'),
	(78971844, 'Vicky Leandros'),
	(86772412, 'Eminem'),
	(94877885, 'Keith West'),
	(96600150, 'Goo Goo Dolls'),
	(99273129, 'Joe South'),
	(101625211, 'Roger Glover & Guests'),
	(104182935, 'Marillion'),
	(108561666, 'Doe Maar'),
	(113800202, 'Joan Osborne'),
	(115423234, 'Sonny & Cher'),
	(115565171, 'Van Dik Hout'),
	(120070034, 'Wham'),
	(130726656, 'Don McLean'),
	(146341054, 'Young Rascals'),
	(156541539, 'Peter Gabriel'),
	(189811938, 'Neil Young'),
	(199058876, 'Tee Set'),
	(217723387, 'John Miles'),
	(219365846, 'Petula Clark'),
	(220366945, 'New radicals'),
	(227750016, 'Manfred Mann'),
	(244516989, 'Nirvana'),
	(250820858, 'Anita Meyer'),
	(252403530, 'Eric Clapton'),
	(259667468, 'Steppenwolf'),
	(276893199, 'Bryan Adams'),
	(300227079, 'AC/DC'),
	(303312409, 'Scorpions (UK)'),
	(303368842, 'Chic'),
	(327464571, 'Clash, The'),
	(329970648, 'Eagles'),
	(339315374, 'Marco Borsato'),
	(351100844, 'Commodores'),
	(380636607, 'Nathalie Imbruglia'),
	(384571408, 'Yazoo'),
	(397986810, 'Nits'),
	(406229094, 'Scott McKenzie'),
	(411078507, 'Left Side'),
	(430712338, 'Outsiders'),
	(433280076, 'Boston'),
	(435814320, 'Elton John'),
	(438915924, 'Robert Plant'),
	(445542901, 'Osmonds'),
	(464480845, 'Ria Valk'),
	(469368533, 'Buffalo Springfield'),
	(471212781, 'Gerard Cox'),
	(495888027, 'Poison'),
	(500481611, 'Middle of the Road'),
	(504104084, 'Nazareth'),
	(506175544, 'Van Halen'),
	(514795512, 'Kinks'),
	(535831157, 'Fugees'),
	(554859962, 'Coolio'),
	(556739931, 'Don Henley'),
	(560423206, 'Vanilla Fudge'),
	(570856864, 'Cliff Richard'),
	(573990631, 'Beatles'),
	(575126775, 'U2'),
	(619401105, 'Level 42'),
	(620660612, 'K\'s Choice'),
	(622993772, 'UB40'),
	(650363985, 'Barry Ryan'),
	(663022315, 'Shania Twain'),
	(676975928, 'Four Seasons'),
	(685783477, 'Shadows'),
	(703917318, 'Bruce Springsteen'),
	(719205993, 'Al Stewart'),
	(733229466, 'Meat Loaf'),
	(734752804, 'James Brown'),
	(762489520, 'Sweet, The'),
	(764808481, 'Cliff Richard & The Shadows'),
	(767053918, 'Talking Heads'),
	(768708899, 'Deep Purple'),
	(770541162, 'Little River Band'),
	(788382665, 'Golden Earring'),
	(791469089, 'Roxette'),
	(805041448, 'Del Shannon'),
	(833576578, 'Madonna'),
	(836441690, 'Prodigy'),
	(850550706, 'Michael Jackson & Jackson 5'),
	(852020324, 'Supersister'),
	(853020024, 'Scorpions (D)'),
	(853208462, 'Fischer Z'),
	(864028268, 'Focus'),
	(869493020, 'ZZ Top'),
	(876249911, 'Rubettes'),
	(912646957, 'David Sylvian'),
	(913044686, 'Cockney Rebel'),
	(919077722, 'Box Tops'),
	(921129759, 'Grapefruit'),
	(928347913, 'Smashing Pumpkins'),
	(939861353, 'Murray Head & Trinidad Sing.'),
	(961291484, 'Lionel Richie'),
	(965479013, 'Heart'),
	(992397965, 'Move, The'),
	(997679636, 'Tommy James & Shondells'),
	(998411072, 'Police'),
	(1013652535, 'Coldplay'),
	(1031400720, 'Genesis'),
	(1039228358, 'Earth, Wind & Fire'),
	(1042985826, 'Fats Domino'),
	(1046970408, 'Small Faces'),
	(1048715505, 'Talk Talk'),
	(1053979118, 'Hollies'),
	(1055112943, 'Creedence Clearwater Revival'),
	(1078280073, 'Lou Reed'),
	(1081247361, 'Manhattans'),
	(1094304007, 'Moody Blues'),
	(1104317927, 'Paul McCartney & Wings'),
	(1118101249, 'Donald Fagen'),
	(1146671861, 'Bachman Turner Overdrive'),
	(1149354263, 'Doobie Brothers'),
	(1180924140, 'Anastacia'),
	(1182083107, 'Sly & the Family stone'),
	(1189783578, 'Duran Duran'),
	(1190988061, 'Dr.Hook & the Medicine Show'),
	(1193208843, 'Rare Earth'),
	(1193779915, 'Ellen Foley'),
	(1199751890, 'Shangri-Las'),
	(1208466446, 'America'),
	(1215598463, 'Robert Palmer'),
	(1222188814, 'Nice, The'),
	(1227630123, 'Barbra Streisand'),
	(1234623882, 'Richard Harris'),
	(1240019075, 'A-Ha'),
	(1247235071, 'John Denver & The Fat City'),
	(1248044820, 'Falco'),
	(1250924850, 'Survivor'),
	(1280542399, 'Alan Price Set'),
	(1297010022, 'Creation'),
	(1298861009, 'George Baker Selection'),
	(1303505691, 'Herman Brood & Wild Romance'),
	(1309289008, '10CC'),
	(1321658515, 'Eagle eye cherry'),
	(1326316097, 'Poppys'),
	(1328845250, 'Herd'),
	(1334577161, 'Depeche Mode'),
	(1350284528, 'Carpenters'),
	(1350475974, 'Stone Roses'),
	(1356380954, 'Steve Rowland & Family Dogg'),
	(1362979574, 'Tina Turner'),
	(1364408584, 'Air'),
	(1366028028, 'REO Speedwagon'),
	(1367411891, 'Santana'),
	(1376842404, 'Buddy Holly'),
	(1385568558, 'Donovan'),
	(1400483897, 'Q\'65'),
	(1400950738, 'Culture Club'),
	(1402835964, 'Cats'),
	(1413570544, 'Raymond Frogatt'),
	(1429849605, 'Neil Diamond'),
	(1440882259, 'Ilse de Lange'),
	(1464711004, 'David Bowie & Queen'),
	(1487366989, 'Cheap Trick'),
	(1506715136, 'Sparks'),
	(1522770076, 'Bee Gees'),
	(1562397053, 'Animals'),
	(1563590470, 'Men At Work'),
	(1567450967, 'Boomtown Rats'),
	(1571677223, 'Linking Park'),
	(1571856985, 'Norman Greenbaum'),
	(1604794853, 'Plastic Bertrand'),
	(1609879455, 'Blue Cheer'),
	(1612021654, 'Derek and the Domino\'s'),
	(1612050607, 'Free (UK)'),
	(1627969183, 'Phil Collins'),
	(1650079253, 'Michael Jackson'),
	(1651809830, 'Frankie goes to Hollywood'),
	(1657045102, 'Booker T & MG\'s'),
	(1662686343, 'Tears for fears'),
	(1719673517, 'Liquido'),
	(1739512254, 'George Harrison'),
	(1747601206, 'Chris Farlowe'),
	(1766132336, 'Jefferson Airplane'),
	(1776178174, 'Simon & Garfunkel'),
	(1784726053, 'Madness'),
	(1795541901, 'Adamski & Seal'),
	(1842428322, 'Rod Stewart'),
	(1879500797, 'Ultravox'),
	(1886071954, 'Gary Moore'),
	(1890619323, 'Nena'),
	(1926879959, 'Human League'),
	(1940511710, 'ABC'),
	(1960411792, 'Pat Benatar'),
	(1972151239, 'Cat Stevens'),
	(1973254617, 'Vandenberg'),
	(1974504049, 'Abba'),
	(1975379608, 'INXS'),
	(1983372005, 'Bob Dylan'),
	(1988106722, 'Alannah Myles'),
	(2008880147, 'Mel C & Lisa Lopez'),
	(2016477344, 'Rolling Stones'),
	(2021736726, 'Love Affair'),
	(2021745197, 'Skunk Anansie'),
	(2039016868, 'Radiohead'),
	(2045625749, 'Supertramp'),
	(2047435934, 'Casuals'),
	(2051381435, 'Alice Cooper'),
	(2060277648, 'Barry McGuire'),
	(2066867830, 'Alan Parsons Project'),
	(2071882293, 'Laurie Anderson'),
	(2075009058, 'John Lennon & Plastic Ono Bd'),
	(2101861320, 'Chicken Shack'),
	(2103626509, 'Ennio Morricone'),
	(2130819293, 'Iggy Pop'),
	(2139841390, 'Prince');
/*!40000 ALTER TABLE `artiest_groep` ENABLE KEYS */;


-- Structuur van  tabel oefen.editie wordt geschreven
CREATE TABLE IF NOT EXISTS `editie` (
  `Volgnr` int(11) NOT NULL,
  `Naam` varchar(50) DEFAULT NULL,
  `Zender` varchar(50) DEFAULT NULL,
  PRIMARY KEY (`Volgnr`)
) ENGINE=InnoDB DEFAULT CHARSET=latin1;

-- Dumpen data van tabel oefen.editie: ~39 rows (ongeveer)
DELETE FROM `editie`;
/*!40000 ALTER TABLE `editie` DISABLE KEYS */;
INSERT INTO `editie` (`Volgnr`, `Naam`, `Zender`) VALUES
	(1, '1975', 'TROS'),
	(2, '2008', 'Radio Veronica'),
	(3, '1971', 'Radio Veronica'),
	(4, '1994', 'Radio Veronica'),
	(5, '1979', 'Radio Veronica'),
	(6, '1984', 'Radio Veronica'),
	(7, '2005', 'Radio Veronica'),
	(8, '1977', 'Radio Veronica'),
	(9, '1995', 'Radio Veronica'),
	(10, '2001', 'Yorin FM'),
	(11, '2010', 'Radio Veronica'),
	(12, '1970', 'Radio Veronica'),
	(13, '1989', 'Radio Veronica'),
	(14, '1991', 'Radio Veronica'),
	(15, '1999', 'Radio Veronica'),
	(16, '1981', 'Radio Veronica'),
	(17, '2007', 'Radio Veronica'),
	(18, '1986', 'Radio Veronica'),
	(19, '2004', 'Radio Veronica'),
	(20, '2009', 'Radio Veronica'),
	(21, '1983', 'Radio Veronica'),
	(22, '1980', 'Radio Veronica'),
	(23, '2000', 'Radio Veronica'),
	(24, '1968', 'Radio Veronica'),
	(25, '1974', 'Radio Veronica'),
	(26, '1973', 'Radio Veronica'),
	(27, '1996', 'Radio Veronica'),
	(28, '1997', 'Radio Veronica'),
	(29, '1985', 'Radio Veronica'),
	(30, '1998', 'Radio Veronica'),
	(31, '2003', 'Yorin FM'),
	(32, '1988', 'Radio Veronica'),
	(33, '2006', 'Radio Veronica'),
	(34, '2002', 'Yorin FM'),
	(35, '1992', 'Radio Veronica'),
	(36, '1990', 'Radio Veronica'),
	(37, '1987', 'Radio Veronica'),
	(38, '1972', 'Radio Veronica'),
	(39, '1993', 'Radio Veronica');
/*!40000 ALTER TABLE `editie` ENABLE KEYS */;


-- Structuur van  tabel oefen.orders wordt geschreven
CREATE TABLE IF NOT EXISTS `orders` (
  `orderID` int(11) NOT NULL AUTO_INCREMENT,
  `Naam` varchar(50) NOT NULL,
  `Leuk` int(11) NOT NULL,
  `Vies` int(11) NOT NULL,
  PRIMARY KEY (`orderID`)
) ENGINE=InnoDB DEFAULT CHARSET=latin1;

-- Dumpen data van tabel oefen.orders: ~0 rows (ongeveer)
DELETE FROM `orders`;
/*!40000 ALTER TABLE `orders` DISABLE KEYS */;
/*!40000 ALTER TABLE `orders` ENABLE KEYS */;


-- Structuur van  tabel oefen.positie wordt geschreven
CREATE TABLE IF NOT EXISTS `positie` (
  `Editie` int(11) NOT NULL,
  `Positie` int(11) NOT NULL,
  `Song` int(11) DEFAULT NULL,
  PRIMARY KEY (`Editie`,`Positie`)
) ENGINE=InnoDB DEFAULT CHARSET=latin1;

-- Dumpen data van tabel oefen.positie: ~3.900 rows (ongeveer)
DELETE FROM `positie`;
/*!40000 ALTER TABLE `positie` DISABLE KEYS */;
INSERT INTO `positie` (`Editie`, `Positie`, `Song`) VALUES
	(1, 1, -838183060),
	(1, 2, 688955309),
	(1, 3, -343121875),
	(1, 4, 1468686875),
	(1, 5, -1188140602),
	(1, 6, 1201885442),
	(1, 7, -1425080459),
	(1, 8, 495445825),
	(1, 9, 2004262402),
	(1, 10, 9521244),
	(1, 11, 1311662923),
	(1, 12, -1906933234),
	(1, 13, 102152361),
	(1, 14, -2063472151),
	(1, 15, 421940150),
	(1, 16, 1956488721),
	(1, 17, -1851134696),
	(1, 18, 736213701),
	(1, 19, 1376828110),
	(1, 20, 1888706677),
	(1, 21, 1149332910),
	(1, 22, -978612457),
	(1, 23, 1386919143),
	(1, 24, 1835834383),
	(1, 25, 1295107981),
	(1, 26, -760195549),
	(1, 27, 354188724),
	(1, 28, 1489569366),
	(1, 29, -1015352858),
	(1, 30, 225605085),
	(1, 31, -1163218626),
	(1, 32, -1720770626),
	(1, 33, 956479345),
	(1, 34, -1744455766),
	(1, 35, 1516020131),
	(1, 36, 316900436),
	(1, 37, 1178222199),
	(1, 38, 561529248),
	(1, 39, 966124957),
	(1, 40, 429330183),
	(1, 41, -1878003257),
	(1, 42, -2134165361),
	(1, 43, -126330594),
	(1, 44, 1010616461),
	(1, 45, 2091864091),
	(1, 46, 717750448),
	(1, 47, -963511868),
	(1, 48, -601122617),
	(1, 49, -165488520),
	(1, 50, 1270848895),
	(1, 51, -1147163871),
	(1, 52, 333593913),
	(1, 53, 1719420857),
	(1, 54, -1287597313),
	(1, 55, 721179913),
	(1, 56, -1236621102),
	(1, 57, 129394991),
	(1, 58, 2017441647),
	(1, 59, 1906409322),
	(1, 60, -1291454202),
	(1, 61, 2039282675),
	(1, 62, 492873841),
	(1, 63, 212085866),
	(1, 64, 889738517),
	(1, 65, -125701514),
	(1, 66, -2129316946),
	(1, 67, 2067903530),
	(1, 68, 677271393),
	(1, 69, 514472307),
	(1, 70, -827199920),
	(1, 71, 1157759057),
	(1, 72, 292362515),
	(1, 73, 1094912675),
	(1, 74, -40855549),
	(1, 75, -827321211),
	(1, 76, -485101006),
	(1, 77, 234518502),
	(1, 78, -920563367),
	(1, 79, -447712660),
	(1, 80, -1012866963),
	(1, 81, 1572353722),
	(1, 82, -23684229),
	(1, 83, 1037419078),
	(1, 84, -391614127),
	(1, 85, 457995651),
	(1, 86, -1364229290),
	(1, 87, -1523118551),
	(1, 88, -994915245),
	(1, 89, 9306858),
	(1, 90, -1967922553),
	(1, 91, -1775318506),
	(1, 92, 1778877623),
	(1, 93, 852355533),
	(1, 94, 1654624215),
	(1, 95, 1518509634),
	(1, 96, -513481569),
	(1, 97, -426875522),
	(1, 98, -1723936433),
	(1, 99, -1776999597),
	(1, 100, -956414354),
	(2, 1, 1880681428),
	(2, 2, 1531832269),
	(2, 3, -1207138919),
	(2, 4, 1743412986),
	(2, 5, -1224312107),
	(2, 6, -1207138919),
	(2, 7, 739834601),
	(2, 8, -918980932),
	(2, 9, -783717596),
	(2, 10, 1936250461),
	(2, 11, 1869152568),
	(2, 12, 102152361),
	(2, 13, -985027120),
	(2, 14, 839339507),
	(2, 15, -838183060),
	(2, 16, -1425080459),
	(2, 17, 1578968774),
	(2, 18, 1487019447),
	(2, 19, -258153564),
	(2, 20, -595061655),
	(2, 21, 1781957234),
	(2, 22, -1448435221),
	(2, 23, 324268792),
	(2, 24, 38340917),
	(2, 25, 1201885442),
	(2, 26, 735705061),
	(2, 27, -567538832),
	(2, 28, 93364760),
	(2, 29, 352569357),
	(2, 30, -1306937135),
	(2, 31, -1963093071),
	(2, 32, -718656171),
	(2, 33, 1786572179),
	(2, 34, -1452931674),
	(2, 35, -760248194),
	(2, 36, 2063998971),
	(2, 37, 1441899308),
	(2, 38, -1768319341),
	(2, 39, 99663844),
	(2, 40, -2134552906),
	(2, 41, 1330288477),
	(2, 42, 1066422710),
	(2, 43, -1529034483),
	(2, 44, 1494287800),
	(2, 45, -448844725),
	(2, 46, 530389951),
	(2, 47, -547629108),
	(2, 48, -343121875),
	(2, 49, -1348450234),
	(2, 50, 304707326),
	(2, 51, 672448449),
	(2, 52, -1399231140),
	(2, 53, -486888911),
	(2, 54, 1567713311),
	(2, 55, -1101478782),
	(2, 56, 1052209211),
	(2, 57, -26716262),
	(2, 58, 1706612917),
	(2, 59, 1932149520),
	(2, 60, -2012098461),
	(2, 61, 350517203),
	(2, 62, 1068730141),
	(2, 63, -930172756),
	(2, 64, 2092907289),
	(2, 65, -2088211294),
	(2, 66, -1638120301),
	(2, 67, 486178235),
	(2, 68, -1415450007),
	(2, 69, -1388676615),
	(2, 70, -46454924),
	(2, 71, -541652185),
	(2, 72, -1195633025),
	(2, 73, -952767742),
	(2, 74, 1038359484),
	(2, 75, 2004262402),
	(2, 76, -381555643),
	(2, 77, -1850526152),
	(2, 78, -838041630),
	(2, 79, 1680631774),
	(2, 80, 908319452),
	(2, 81, -1606885724),
	(2, 82, 2021915678),
	(2, 83, 1778404139),
	(2, 84, 588461757),
	(2, 85, -1995908369),
	(2, 86, 503490205),
	(2, 87, -1299091978),
	(2, 88, -1804865674),
	(2, 89, 625628006),
	(2, 90, -2093319168),
	(2, 91, 579700441),
	(2, 92, 1404074959),
	(2, 93, 431288704),
	(2, 94, 1658395735),
	(2, 95, -2031724033),
	(2, 96, 1617870475),
	(2, 97, 461513263),
	(2, 98, -463838992),
	(2, 99, 1928326215),
	(2, 100, -1662072492),
	(3, 1, -343121875),
	(3, 2, 1468686875),
	(3, 3, 495445825),
	(3, 4, 421940150),
	(3, 5, -233311800),
	(3, 6, 514472307),
	(3, 7, -1698125154),
	(3, 8, 736213701),
	(3, 9, -1188140602),
	(3, 10, 355915737),
	(3, 11, 688955309),
	(3, 12, -1287597313),
	(3, 13, -80099928),
	(3, 14, -760195549),
	(3, 15, 956479345),
	(3, 16, 373608147),
	(3, 17, 1551695930),
	(3, 18, -2048615496),
	(3, 19, 333593913),
	(3, 20, 495445825),
	(3, 21, 1835834383),
	(3, 22, -1236621102),
	(3, 23, 234518502),
	(3, 24, -1878003257),
	(3, 25, -485101006),
	(3, 26, -499828381),
	(3, 27, -787471790),
	(3, 28, 316900436),
	(3, 29, -1882957304),
	(3, 30, 890849569),
	(3, 31, 1888706677),
	(3, 32, 1085074335),
	(3, 33, -1638120301),
	(3, 34, 1311662923),
	(3, 35, 2017441647),
	(3, 36, -601122617),
	(3, 37, 2004262402),
	(3, 38, -1188318101),
	(3, 39, 1404074959),
	(3, 40, 9521244),
	(3, 41, -460025221),
	(3, 42, -1114734929),
	(3, 43, 1758971108),
	(3, 44, -963511868),
	(3, 45, 1906409322),
	(3, 46, -76610493),
	(3, 47, 457761715),
	(3, 48, -565135548),
	(3, 49, 1193233),
	(3, 50, 1094912675),
	(3, 51, 1428025034),
	(3, 52, 1181066542),
	(3, 53, 1201373847),
	(3, 54, -970864567),
	(3, 55, 212085866),
	(3, 56, 889738517),
	(3, 57, 366431989),
	(3, 58, -104093574),
	(3, 59, 1338766667),
	(3, 60, 1320717047),
	(3, 61, 292362515),
	(3, 62, 717750448),
	(3, 63, 1080663692),
	(3, 64, -1320588488),
	(3, 65, 561529248),
	(3, 66, -1364229290),
	(3, 67, 2072866935),
	(3, 68, 354188724),
	(3, 69, 706942301),
	(3, 70, 775392288),
	(3, 71, -1490460374),
	(3, 72, -705999053),
	(3, 73, -69691327),
	(3, 74, 1557450936),
	(3, 75, -1032969791),
	(3, 76, -966127637),
	(3, 77, 935892159),
	(3, 78, -1633352378),
	(3, 79, -1689908325),
	(3, 80, 303302412),
	(3, 81, 959986060),
	(3, 82, 2135717203),
	(3, 83, -931034888),
	(3, 84, 383370249),
	(3, 85, -1487583218),
	(3, 86, 1422087960),
	(3, 87, 237017598),
	(3, 88, -779833206),
	(3, 89, 677271393),
	(3, 90, -1992951843),
	(3, 91, -1033540530),
	(3, 92, 482005666),
	(3, 93, -513481569),
	(3, 94, 1037419078),
	(3, 95, -943319301),
	(3, 96, -718286203),
	(3, 97, -1633809841),
	(3, 98, 402720918),
	(3, 99, -994915245),
	(3, 100, -1967922553),
	(4, 1, -1207138919),
	(4, 2, 1743412986),
	(4, 3, 2063998971),
	(4, 4, 102152361),
	(4, 5, -1452931674),
	(4, 6, -1101478782),
	(4, 7, -258153564),
	(4, 8, 1487019447),
	(4, 9, -520560358),
	(4, 10, 1763518830),
	(4, 11, -838183060),
	(4, 12, -343121875),
	(4, 13, -903386208),
	(4, 14, -930172756),
	(4, 15, 677271393),
	(4, 16, -1448435221),
	(4, 17, 1786572179),
	(4, 18, 1186117152),
	(4, 19, 93364760),
	(4, 20, 131057508),
	(4, 21, -1048289400),
	(4, 22, -975294052),
	(4, 23, 1201885442),
	(4, 24, 739834601),
	(4, 25, 486178235),
	(4, 26, -1425080459),
	(4, 27, 38340917),
	(4, 28, -129306121),
	(4, 29, 514472307),
	(4, 30, 1451796714),
	(4, 31, -1289976286),
	(4, 32, -918980932),
	(4, 33, -1188140602),
	(4, 34, 1562486999),
	(4, 35, -419679705),
	(4, 36, 2080868824),
	(4, 37, 1627095088),
	(4, 38, -422896829),
	(4, 39, 352569357),
	(4, 40, -1126778702),
	(4, 41, -1333900049),
	(4, 42, -1906933234),
	(4, 43, -381555643),
	(4, 44, 1910966606),
	(4, 45, -1314136012),
	(4, 46, 1567713311),
	(4, 47, 599755913),
	(4, 48, 234518502),
	(4, 49, 1066422710),
	(4, 50, -1441493535),
	(4, 51, 1936250461),
	(4, 52, 688955309),
	(4, 53, -1053064632),
	(4, 54, 259372239),
	(4, 55, 1285191191),
	(4, 56, -960662538),
	(4, 57, 908319452),
	(4, 58, 431031626),
	(4, 59, -427885423),
	(4, 60, -1195633025),
	(4, 61, -26716262),
	(4, 62, -820036742),
	(4, 63, -1294371653),
	(4, 64, 2007649694),
	(4, 65, 1483781586),
	(4, 66, 380818817),
	(4, 67, -1287597313),
	(4, 68, 373699449),
	(4, 69, 1869152568),
	(4, 70, 2092907289),
	(4, 71, -692219965),
	(4, 72, -445073737),
	(4, 73, 888995727),
	(4, 74, 2043733798),
	(4, 75, 2027096816),
	(4, 76, -2012098461),
	(4, 77, -702188794),
	(4, 78, -1861182510),
	(4, 79, -1378933631),
	(4, 80, -192674589),
	(4, 81, -697843388),
	(4, 82, -1529034483),
	(4, 83, 1928326215),
	(4, 84, -623677247),
	(4, 85, 1343373316),
	(4, 86, -1171594671),
	(4, 87, -1302509252),
	(4, 88, 1572353722),
	(4, 89, 2034772495),
	(4, 90, 1254283284),
	(4, 91, 1178222199),
	(4, 92, 1120900669),
	(4, 93, -1485495541),
	(4, 94, 2021915678),
	(4, 95, 631595781),
	(4, 96, -1348450234),
	(4, 97, -462005023),
	(4, 98, -2008051109),
	(4, 99, -2015378985),
	(4, 100, -69691327),
	(5, 1, -838183060),
	(5, 2, 1743412986),
	(5, 3, 688955309),
	(5, 4, -1425080459),
	(5, 5, 1178222199),
	(5, 6, 102152361),
	(5, 7, 495445825),
	(5, 8, 93364760),
	(5, 9, 736213701),
	(5, 10, 1201885442),
	(5, 11, 1067944854),
	(5, 12, 1468686875),
	(5, 13, -1188140602),
	(5, 14, -258153564),
	(5, 15, -1287597313),
	(5, 16, -820036742),
	(5, 17, -918980932),
	(5, 18, 421940150),
	(5, 19, -2127362432),
	(5, 20, 1299261807),
	(5, 21, -343121875),
	(5, 22, -1302509252),
	(5, 23, 1904157823),
	(5, 24, 1311662923),
	(5, 25, 503490205),
	(5, 26, -158510793),
	(5, 27, -1878003257),
	(5, 28, -1015352858),
	(5, 29, -1906933234),
	(5, 30, 2027096816),
	(5, 31, 952892779),
	(5, 32, 1144494160),
	(5, 33, -422896829),
	(5, 34, -2012098461),
	(5, 35, -601122617),
	(5, 36, 225605085),
	(5, 37, 1997937409),
	(5, 38, -920563367),
	(5, 39, 2004262402),
	(5, 40, -816150137),
	(5, 41, -1964026642),
	(5, 42, -1916551938),
	(5, 43, 127480216),
	(5, 44, -1163218626),
	(5, 45, -1197097068),
	(5, 46, -2063472151),
	(5, 47, -182887467),
	(5, 48, -1826501930),
	(5, 49, 514472307),
	(5, 50, -69691327),
	(5, 51, -1748673257),
	(5, 52, 924574956),
	(5, 53, -987874978),
	(5, 54, -233311800),
	(5, 55, -1790911576),
	(5, 56, 1386919143),
	(5, 57, 492873841),
	(5, 58, 1516020131),
	(5, 59, -953486310),
	(5, 60, 865881946),
	(5, 61, -760195549),
	(5, 62, 451805273),
	(5, 63, 1835834383),
	(5, 64, 1085074335),
	(5, 65, -1867223897),
	(5, 66, 966124957),
	(5, 67, 1906409322),
	(5, 68, -1236621102),
	(5, 69, 893903103),
	(5, 70, 1689543021),
	(5, 71, 396009929),
	(5, 72, -1572515786),
	(5, 73, 586776835),
	(5, 74, -192674589),
	(5, 75, 1295107981),
	(5, 76, -978612457),
	(5, 77, -1851134696),
	(5, 78, 1627095088),
	(5, 79, 956479345),
	(5, 80, -827199920),
	(5, 81, 516954932),
	(5, 82, 1404074959),
	(5, 83, 53190562),
	(5, 84, -1854023875),
	(5, 85, -1033540530),
	(5, 86, -1147163871),
	(5, 87, 9521244),
	(5, 88, -513481569),
	(5, 89, 1956488721),
	(5, 90, -681434121),
	(5, 91, 351347965),
	(5, 92, -427885423),
	(5, 93, -899378823),
	(5, 94, -1967922553),
	(5, 95, 1680631774),
	(5, 96, -23684229),
	(5, 97, 1797618945),
	(5, 98, 738557989),
	(5, 99, -1364229290),
	(5, 100, -1466090510),
	(6, 1, -838183060),
	(6, 2, 102152361),
	(6, 3, 1743412986),
	(6, 4, -1425080459),
	(6, 5, 93364760),
	(6, 6, -258153564),
	(6, 7, -918980932),
	(6, 8, 1201885442),
	(6, 9, 739834601),
	(6, 10, -1448435221),
	(6, 11, 688955309),
	(6, 12, 908319452),
	(6, 13, 2092907289),
	(6, 14, 1120900669),
	(6, 15, -1195633025),
	(6, 16, -1302509252),
	(6, 17, 2027096816),
	(6, 18, -343121875),
	(6, 19, -1287597313),
	(6, 20, 1299261807),
	(6, 21, -1188140602),
	(6, 22, 1928326215),
	(6, 23, -129306121),
	(6, 24, -2012098461),
	(6, 25, -422896829),
	(6, 26, -1529034483),
	(6, 27, 1468686875),
	(6, 28, -419679705),
	(6, 29, -1779954578),
	(6, 30, -1566591481),
	(6, 31, 1959152124),
	(6, 32, -1945235070),
	(6, 33, 1487019447),
	(6, 34, 1441899308),
	(6, 35, -158510793),
	(6, 36, 495445825),
	(6, 37, 421940150),
	(6, 38, 225605085),
	(6, 39, -126867797),
	(6, 40, 736213701),
	(6, 41, -978612457),
	(6, 42, -639728758),
	(6, 43, -1333900049),
	(6, 44, -760195549),
	(6, 45, -1964026642),
	(6, 46, 352569357),
	(6, 47, 930071086),
	(6, 48, -1906933234),
	(6, 49, 2032077608),
	(6, 50, -1964026642),
	(6, 51, 1477754659),
	(6, 52, 289717752),
	(6, 53, -192674589),
	(6, 54, -1994033101),
	(6, 55, 586776835),
	(6, 56, 514472307),
	(6, 57, 1116474345),
	(6, 58, 1052209211),
	(6, 59, 1445397388),
	(6, 60, -58990803),
	(6, 61, 2004262402),
	(6, 62, 1627095088),
	(6, 63, -1321971076),
	(6, 64, -2063472151),
	(6, 65, -2004006809),
	(6, 66, 1572353722),
	(6, 67, -53232544),
	(6, 68, 1722002114),
	(6, 69, 1386919143),
	(6, 70, 1402330769),
	(6, 71, -1015352858),
	(6, 72, 1275372209),
	(6, 73, 677271393),
	(6, 74, -816150137),
	(6, 75, 233963484),
	(6, 76, -1224312107),
	(6, 77, 924574956),
	(6, 78, 503490205),
	(6, 79, 328964175),
	(6, 80, 1178222199),
	(6, 81, -820036742),
	(6, 82, 2117836574),
	(6, 83, -953486310),
	(6, 84, 96913574),
	(6, 85, 1489569366),
	(6, 86, 1562486999),
	(6, 87, -1698125154),
	(6, 88, 293049772),
	(6, 89, 893903103),
	(6, 90, 1144494160),
	(6, 91, 1576995996),
	(6, 92, 561529248),
	(6, 93, -2055445745),
	(6, 94, -69691327),
	(6, 95, -490111612),
	(6, 96, 966124957),
	(6, 97, 127480216),
	(6, 98, 952860514),
	(6, 99, 267587785),
	(6, 100, 1067944854),
	(7, 1, 1743412986),
	(7, 2, 1880681428),
	(7, 3, 1531832269),
	(7, 4, -258153564),
	(7, 5, 102152361),
	(7, 6, 1578968774),
	(7, 7, -1224312107),
	(7, 8, -1425080459),
	(7, 9, 739834601),
	(7, 10, -783717596),
	(7, 11, 324268792),
	(7, 12, -838183060),
	(7, 13, -985027120),
	(7, 14, -1529034483),
	(7, 15, -1448435221),
	(7, 16, 93364760),
	(7, 17, 1936250461),
	(7, 18, -448844725),
	(7, 19, -918980932),
	(7, 20, 2063998971),
	(7, 21, -1207138919),
	(7, 22, -1306937135),
	(7, 23, -1452931674),
	(7, 24, 1066422710),
	(7, 25, -419679705),
	(7, 26, 1786572179),
	(7, 27, 2021915678),
	(7, 28, 99663844),
	(7, 29, 1748866091),
	(7, 30, 1441899308),
	(7, 31, -1768319341),
	(7, 32, 304707326),
	(7, 33, 1404074959),
	(7, 34, 352569357),
	(7, 35, 1778404139),
	(7, 36, -595061655),
	(7, 37, -718656171),
	(7, 38, -1388676615),
	(7, 39, 908319452),
	(7, 40, 1869152568),
	(7, 41, 1932149520),
	(7, 42, -126867797),
	(7, 43, -1995908369),
	(7, 44, -343121875),
	(7, 45, -1779954578),
	(7, 46, -1415450007),
	(7, 47, 1330288477),
	(7, 48, -1804865674),
	(7, 49, -2012098461),
	(7, 50, 1201885442),
	(7, 51, 503490205),
	(7, 52, 1052209211),
	(7, 53, 2034772495),
	(7, 54, -1207138919),
	(7, 55, 38340917),
	(7, 56, -930172756),
	(7, 57, 1487019447),
	(7, 58, 1116474345),
	(7, 59, 530389951),
	(7, 60, 579700441),
	(7, 61, -1850526152),
	(7, 62, 2004262402),
	(7, 63, 1142713745),
	(7, 64, 1068730141),
	(7, 65, 588461757),
	(7, 66, -486888911),
	(7, 67, 1567713311),
	(7, 68, -1193409916),
	(7, 69, 839339507),
	(7, 70, -1963093071),
	(7, 71, -1864168972),
	(7, 72, -381555643),
	(7, 73, -1666200575),
	(7, 74, -129306121),
	(7, 75, 461513263),
	(7, 76, -1638120301),
	(7, 77, -1606885724),
	(7, 78, 1928326215),
	(7, 79, 1949486618),
	(7, 80, 625628006),
	(7, 81, -1092675310),
	(7, 82, -1348450234),
	(7, 83, -463838992),
	(7, 84, 140968809),
	(7, 85, 1617870475),
	(7, 86, -760195549),
	(7, 87, 735705061),
	(7, 88, -1399231140),
	(7, 89, -2031724033),
	(7, 90, -2134552906),
	(7, 91, -973743770),
	(7, 92, 1658395735),
	(7, 93, 688955309),
	(7, 94, -2093319168),
	(7, 95, 1389007676),
	(7, 96, 672448449),
	(7, 97, 1038359484),
	(7, 98, -567538832),
	(7, 99, 2027096816),
	(7, 100, 1468686875),
	(8, 1, -838183060),
	(8, 2, 688955309),
	(8, 3, 1743412986),
	(8, 4, -1188140602),
	(8, 5, 1468686875),
	(8, 6, -343121875),
	(8, 7, -1425080459),
	(8, 8, 1201885442),
	(8, 9, 1299261807),
	(8, 10, 495445825),
	(8, 11, 102152361),
	(8, 12, -1916551938),
	(8, 13, 1311662923),
	(8, 14, 1904157823),
	(8, 15, 2004262402),
	(8, 16, -1302509252),
	(8, 17, -1906933234),
	(8, 18, -182887467),
	(8, 19, 225605085),
	(8, 20, 503490205),
	(8, 21, -760195549),
	(8, 22, 421940150),
	(8, 23, 736213701),
	(8, 24, 1178222199),
	(8, 25, -918980932),
	(8, 26, 1067944854),
	(8, 27, -978612457),
	(8, 28, -820036742),
	(8, 29, -158510793),
	(8, 30, 1835834383),
	(8, 31, 1386919143),
	(8, 32, -2129316946),
	(8, 33, 1144494160),
	(8, 34, 1516020131),
	(8, 35, -923102444),
	(8, 36, -601122617),
	(8, 37, -1878003257),
	(8, 38, -1964026642),
	(8, 39, -2063472151),
	(8, 40, 127480216),
	(8, 41, -1287597313),
	(8, 42, 1376828110),
	(8, 43, -1015352858),
	(8, 44, -987874978),
	(8, 45, 1424297285),
	(8, 46, -69691327),
	(8, 47, 1906409322),
	(8, 48, 1956488721),
	(8, 49, 514472307),
	(8, 50, -920563367),
	(8, 51, -2012098461),
	(8, 52, -1851134696),
	(8, 53, 9521244),
	(8, 54, 333593913),
	(8, 55, 1149332910),
	(8, 56, -1340791972),
	(8, 57, 717750448),
	(8, 58, 451805273),
	(8, 59, 316900436),
	(8, 60, 492873841),
	(8, 61, 1489569366),
	(8, 62, -899378823),
	(8, 63, -1364229290),
	(8, 64, 354188724),
	(8, 65, 1094912675),
	(8, 66, 234518502),
	(8, 67, -427885423),
	(8, 68, 117786945),
	(8, 69, -233311800),
	(8, 70, -1265246407),
	(8, 71, 956479345),
	(8, 72, -2127362432),
	(8, 73, 1627095088),
	(8, 74, 1295107981),
	(8, 75, -422896829),
	(8, 76, 1404074959),
	(8, 77, -1967922553),
	(8, 78, -1882957304),
	(8, 79, -1638120301),
	(8, 80, -1012866963),
	(8, 81, 966124957),
	(8, 82, 1888706677),
	(8, 83, -23684229),
	(8, 84, -1033540530),
	(8, 85, -1147163871),
	(8, 86, 12559290),
	(8, 87, 1157759057),
	(8, 88, -1720770626),
	(8, 89, 636308565),
	(8, 90, 586776835),
	(8, 91, 1797618945),
	(8, 92, -1163218626),
	(8, 93, -165488520),
	(8, 94, 1010616461),
	(8, 95, 351347965),
	(8, 96, -1407313061),
	(8, 97, -80099928),
	(8, 98, -1466090510),
	(8, 99, 53190562),
	(8, 100, -513481569),
	(9, 1, 1743412986),
	(9, 2, -1207138919),
	(9, 3, -1101478782),
	(9, 4, 102152361),
	(9, 5, 735705061),
	(9, 6, -1452931674),
	(9, 7, 2063998971),
	(9, 8, -838183060),
	(9, 9, 1763518830),
	(9, 10, -930172756),
	(9, 11, 1786572179),
	(9, 12, 1186117152),
	(9, 13, 131057508),
	(9, 14, -520560358),
	(9, 15, -1048289400),
	(9, 16, 1201885442),
	(9, 17, -343121875),
	(9, 18, -381555643),
	(9, 19, -258153564),
	(9, 20, 38340917),
	(9, 21, -419679705),
	(9, 22, -1448435221),
	(9, 23, 486178235),
	(9, 24, -1333900049),
	(9, 25, 672448449),
	(9, 26, 1066422710),
	(9, 27, 1487019447),
	(9, 28, 352569357),
	(9, 29, 677271393),
	(9, 30, 739834601),
	(9, 31, 924574956),
	(9, 32, 1880681428),
	(9, 33, -1314136012),
	(9, 34, 810882702),
	(9, 35, -1425080459),
	(9, 36, 93364760),
	(9, 37, 2092907289),
	(9, 38, 1936250461),
	(9, 39, 1216341262),
	(9, 40, -1736272215),
	(9, 41, -1294371653),
	(9, 42, 1104684901),
	(9, 43, -975294052),
	(9, 44, -1529034483),
	(9, 45, 1285191191),
	(9, 46, -903386208),
	(9, 47, 1916268702),
	(9, 48, -2012098461),
	(9, 49, -1015352858),
	(9, 50, -129306121),
	(9, 51, -1197097068),
	(9, 52, 324268792),
	(9, 53, -1442908789),
	(9, 54, 1869152568),
	(9, 55, -26716262),
	(9, 56, -920292445),
	(9, 57, 1562486999),
	(9, 58, -541652185),
	(9, 59, -785691911),
	(9, 60, -1188140602),
	(9, 61, 622889004),
	(9, 62, 10096498),
	(9, 63, -192674589),
	(9, 64, 1120900669),
	(9, 65, -1797750064),
	(9, 66, 514472307),
	(9, 67, 101898602),
	(9, 68, -2008051109),
	(9, 69, 688955309),
	(9, 70, 1932149520),
	(9, 71, -918980932),
	(9, 72, -522010012),
	(9, 73, 1572353722),
	(9, 74, 863117608),
	(9, 75, -1287597313),
	(9, 76, 1445397388),
	(9, 77, -679468845),
	(9, 78, -820036742),
	(9, 79, -595061655),
	(9, 80, 2027096816),
	(9, 81, 431288704),
	(9, 82, -1302509252),
	(9, 83, -1289976286),
	(9, 84, 888995727),
	(9, 85, -1254734521),
	(9, 86, 1483781586),
	(9, 87, -53232544),
	(9, 88, -1436584384),
	(9, 89, -1195633025),
	(9, 90, 2097174068),
	(9, 91, -445073737),
	(9, 92, -1348132571),
	(9, 93, -422896829),
	(9, 94, -839779128),
	(9, 95, 1330288477),
	(9, 96, -300103238),
	(9, 97, 1873306017),
	(9, 98, -1854023875),
	(9, 99, 1928326215),
	(9, 100, -1126778702),
	(10, 1, 1880681428),
	(10, 2, 1743412986),
	(10, 3, 739834601),
	(10, 4, 324268792),
	(10, 5, -838183060),
	(10, 6, 1949486618),
	(10, 7, 530389951),
	(10, 8, 1343373316),
	(10, 9, -1452931674),
	(10, 10, 102152361),
	(10, 11, -1207138919),
	(10, 12, -1425080459),
	(10, 13, 1068730141),
	(10, 14, -595061655),
	(10, 15, -952767742),
	(10, 16, 1389007676),
	(10, 17, 6652933),
	(10, 18, -1289976286),
	(10, 19, 1186117152),
	(10, 20, -1101478782),
	(10, 21, 1567713311),
	(10, 22, -520560358),
	(10, 23, -419679705),
	(10, 24, -258153564),
	(10, 25, 1706612917),
	(10, 26, 1956948912),
	(10, 27, -832927861),
	(10, 28, 1778404139),
	(10, 29, 1028816690),
	(10, 30, -1207138919),
	(10, 31, 1652366208),
	(10, 32, 99663844),
	(10, 33, -869646497),
	(10, 34, 1201885442),
	(10, 35, -1224312107),
	(10, 36, 1066422710),
	(10, 37, 1748866091),
	(10, 38, 1786572179),
	(10, 39, 2065188034),
	(10, 40, 820234637),
	(10, 41, -343121875),
	(10, 42, -783717596),
	(10, 43, 846115040),
	(10, 44, 789881979),
	(10, 45, -1972788819),
	(10, 46, -719627959),
	(10, 47, -1529034483),
	(10, 48, -779131734),
	(10, 49, 1658395735),
	(10, 50, 2086159514),
	(10, 51, -422896829),
	(10, 52, 461513263),
	(10, 53, 2034772495),
	(10, 54, -1534454170),
	(10, 55, 1927804866),
	(10, 56, -2088211294),
	(10, 57, 135201511),
	(10, 58, 1869152568),
	(10, 59, 38340917),
	(10, 60, -1188140602),
	(10, 61, 1079208269),
	(10, 62, 2063998971),
	(10, 63, 486178235),
	(10, 64, -1325588708),
	(10, 65, 2002494),
	(10, 66, -238665999),
	(10, 67, -2122347495),
	(10, 68, -2134552906),
	(10, 69, 567088262),
	(10, 70, 1518509634),
	(10, 71, -126867797),
	(10, 72, -129306121),
	(10, 73, 579700441),
	(10, 74, -1823625227),
	(10, 75, -821534400),
	(10, 76, -1637326736),
	(10, 77, 1238450878),
	(10, 78, -930172756),
	(10, 79, 1104684901),
	(10, 80, 2016143219),
	(10, 81, -1195633025),
	(10, 82, 1763518830),
	(10, 83, 988450469),
	(10, 84, 709589652),
	(10, 85, -1587602486),
	(10, 86, -2012098461),
	(10, 87, 1848686064),
	(10, 88, 735705061),
	(10, 89, -2120776005),
	(10, 90, 1936250461),
	(10, 91, 2092907289),
	(10, 92, -1415450007),
	(10, 93, -42142796),
	(10, 94, 1281974564),
	(10, 95, -1734912888),
	(10, 96, 1671738598),
	(10, 97, -1174769553),
	(10, 98, -153917916),
	(10, 99, 1487019447),
	(10, 100, 49737167),
	(11, 1, 1531832269),
	(11, 2, 1880681428),
	(11, 3, -783717596),
	(11, 4, 735705061),
	(11, 5, -1207138919),
	(11, 6, 1743412986),
	(11, 7, -1207138919),
	(11, 8, -1224312107),
	(11, 9, 1936250461),
	(11, 10, -918980932),
	(11, 11, -595061655),
	(11, 12, 2039981763),
	(11, 13, 102152361),
	(11, 14, -486888911),
	(11, 15, -985027120),
	(11, 16, -1425080459),
	(11, 17, 1578968774),
	(11, 18, 324268792),
	(11, 19, -718656171),
	(11, 20, -343121875),
	(11, 21, 1494287800),
	(11, 22, 38340917),
	(11, 23, 1869152568),
	(11, 24, -1101478782),
	(11, 25, -258153564),
	(11, 26, -1768319341),
	(11, 27, -567538832),
	(11, 28, 1487019447),
	(11, 29, 2063998971),
	(11, 30, -547629108),
	(11, 31, -1452931674),
	(11, 32, 1038359484),
	(11, 33, -1963093071),
	(11, 34, -1448435221),
	(11, 35, -1415450007),
	(11, 36, 1201885442),
	(11, 37, 1706612917),
	(11, 38, 672448449),
	(11, 39, 2004262402),
	(11, 40, -2093319168),
	(11, 41, 1066422710),
	(11, 42, -930172756),
	(11, 43, -419679705),
	(11, 44, 739834601),
	(11, 45, -1306937135),
	(11, 46, 1441899308),
	(11, 47, 530389951),
	(11, 48, -1529034483),
	(11, 49, 350517203),
	(11, 50, 431288704),
	(11, 51, 1261953990),
	(11, 52, 486178235),
	(11, 53, -838041630),
	(11, 54, 1567713311),
	(11, 55, -2031724033),
	(11, 56, -1120670454),
	(11, 57, 637357832),
	(11, 58, 839339507),
	(11, 59, 2086159514),
	(11, 60, 1928326215),
	(11, 61, 1786572179),
	(11, 62, -463838992),
	(11, 63, -1637326736),
	(11, 64, -561429070),
	(11, 65, -1638120301),
	(11, 66, 2092907289),
	(11, 67, -26716262),
	(11, 68, 352569357),
	(11, 69, 667601380),
	(11, 70, -448844725),
	(11, 71, -2088211294),
	(11, 72, -838183060),
	(11, 73, -611597805),
	(11, 74, -541652185),
	(11, 75, -126867797),
	(11, 76, -46454924),
	(11, 77, -2134552906),
	(11, 78, -520560358),
	(11, 79, -2012098461),
	(11, 80, -1804865674),
	(11, 81, -1299091978),
	(11, 82, 1052209211),
	(11, 83, -1531095747),
	(11, 84, 93364760),
	(11, 85, -1348450234),
	(11, 86, -964073115),
	(11, 87, -381555643),
	(11, 88, -1662072492),
	(11, 89, 1254028658),
	(11, 90, -760195549),
	(11, 91, 1362058883),
	(11, 92, 304707326),
	(11, 93, 2016143219),
	(11, 94, 238523547),
	(11, 95, 2021915678),
	(11, 96, 99663844),
	(11, 97, -1092675310),
	(11, 98, -1666200575),
	(11, 99, -1195633025),
	(11, 100, 1068730141),
	(12, 1, 495445825),
	(12, 2, 1468686875),
	(12, 3, -343121875),
	(12, 4, -1236621102),
	(12, 5, -233311800),
	(12, 6, -1882957304),
	(12, 7, 688955309),
	(12, 8, 1551695930),
	(12, 9, 1094912675),
	(12, 10, -779833206),
	(12, 11, -1698125154),
	(12, 12, 234518502),
	(12, 13, -943319301),
	(12, 14, 717750448),
	(12, 15, 373608147),
	(12, 16, 890849569),
	(12, 17, -760195549),
	(12, 18, 775392288),
	(12, 19, -1188140602),
	(12, 20, -2048615496),
	(12, 21, 354188724),
	(12, 22, -705999053),
	(12, 23, -601122617),
	(12, 24, 2022646048),
	(12, 25, -1364229290),
	(12, 26, 1835834383),
	(12, 27, -1186178837),
	(12, 28, -333512708),
	(12, 29, -1638120301),
	(12, 30, -565135548),
	(12, 31, 1193233),
	(12, 32, -546962030),
	(12, 33, -1878003257),
	(12, 34, 514472307),
	(12, 35, 303302412),
	(12, 36, 561529248),
	(12, 37, -811394718),
	(12, 38, 1845607780),
	(12, 39, -994915245),
	(12, 40, -710430996),
	(12, 41, 2041952546),
	(12, 42, -970864567),
	(12, 43, 2039282675),
	(12, 44, 1278384357),
	(12, 45, -1188318101),
	(12, 46, -1915281816),
	(12, 47, 1186646853),
	(12, 48, -844731629),
	(12, 49, -1689908325),
	(12, 50, -499828381),
	(12, 51, 1942644743),
	(12, 52, 1010616461),
	(12, 53, 2017441647),
	(12, 54, 9521244),
	(12, 55, -66519278),
	(12, 56, 160090354),
	(12, 57, 1642182108),
	(12, 58, -1528511057),
	(12, 59, 2004262402),
	(12, 60, 214051067),
	(12, 61, -954855221),
	(12, 62, -1917964456),
	(12, 63, -1466090510),
	(12, 64, 1840030972),
	(12, 65, 889738517),
	(12, 66, 1648355533),
	(12, 67, -99742151),
	(12, 68, 1854284838),
	(12, 69, 1504028921),
	(12, 70, 58020014),
	(12, 71, 2133188398),
	(12, 72, -1114734929),
	(12, 73, 212085866),
	(12, 74, -322929512),
	(12, 75, -700700455),
	(12, 76, 1062125100),
	(12, 77, 2135717203),
	(12, 78, -660767036),
	(12, 79, 1422087960),
	(12, 80, 292362515),
	(12, 81, 1311662923),
	(12, 82, -1526854638),
	(12, 83, 1201373847),
	(12, 84, 600179600),
	(12, 85, 794578271),
	(12, 86, -472423160),
	(12, 87, 231896085),
	(12, 88, 1847021736),
	(12, 89, -1110276943),
	(12, 90, 119330352),
	(12, 91, 327186830),
	(12, 92, -963511868),
	(12, 93, -290147614),
	(12, 94, 781196681),
	(12, 95, -21455289),
	(12, 96, -1650552576),
	(12, 97, -1328780459),
	(12, 98, 316900436),
	(12, 99, -124815486),
	(12, 100, 1443277642),
	(13, 1, 102152361),
	(13, 2, -838183060),
	(13, 3, 1743412986),
	(13, 4, -258153564),
	(13, 5, -419679705),
	(13, 6, 688955309),
	(13, 7, 908319452),
	(13, 8, 739834601),
	(13, 9, 1567713311),
	(13, 10, -1452931674),
	(13, 11, 1201885442),
	(13, 12, 93364760),
	(13, 13, -918980932),
	(13, 14, 1441899308),
	(13, 15, -1448435221),
	(13, 16, 352569357),
	(13, 17, -2012098461),
	(13, 18, 2027096816),
	(13, 19, -1529034483),
	(13, 20, -343121875),
	(13, 21, 1285191191),
	(13, 22, -422896829),
	(13, 23, 1468686875),
	(13, 24, -2063472151),
	(13, 25, 1786572179),
	(13, 26, -267421763),
	(13, 27, -129306121),
	(13, 28, -1333900049),
	(13, 29, -1294371653),
	(13, 30, 1120900669),
	(13, 31, 2021915678),
	(13, 32, -1572476361),
	(13, 33, -2008051109),
	(13, 34, -520560358),
	(13, 35, -1195633025),
	(13, 36, -1155017512),
	(13, 37, -1425080459),
	(13, 38, 1330288477),
	(13, 39, -985027120),
	(13, 40, 1052209211),
	(13, 41, 1487019447),
	(13, 42, 736213701),
	(13, 43, -448844725),
	(13, 44, 1299261807),
	(13, 45, -158510793),
	(13, 46, -1287597313),
	(13, 47, 2092907289),
	(13, 48, 1928326215),
	(13, 49, 1932149520),
	(13, 50, 2032077608),
	(13, 51, -567538832),
	(13, 52, 1562486999),
	(13, 53, 514472307),
	(13, 54, -1906933234),
	(13, 55, -1302509252),
	(13, 56, 2034772495),
	(13, 57, 1066422710),
	(13, 58, -1188140602),
	(13, 59, 1627095088),
	(13, 60, -930172756),
	(13, 61, 2004262402),
	(13, 62, 930071086),
	(13, 63, -2004006809),
	(13, 64, 421940150),
	(13, 65, 1959152124),
	(13, 66, 1404074959),
	(13, 67, -1662072492),
	(13, 68, 495445825),
	(13, 69, -1566591481),
	(13, 70, 1869152568),
	(13, 71, -978612457),
	(13, 72, 1578968774),
	(13, 73, -1964026642),
	(13, 74, 924574956),
	(13, 75, -1945235070),
	(13, 76, 1254028658),
	(13, 77, -623677247),
	(13, 78, -1224312107),
	(13, 79, 1142713745),
	(13, 80, -342896818),
	(13, 81, 1445397388),
	(13, 82, 750656480),
	(13, 83, -960662538),
	(13, 84, 586776835),
	(13, 85, 1489569366),
	(13, 86, 1572353722),
	(13, 87, 431288704),
	(13, 88, -1861182510),
	(13, 89, -1994033101),
	(13, 90, 225605085),
	(13, 91, -1851134696),
	(13, 92, -69691327),
	(13, 93, -1779954578),
	(13, 94, 677271393),
	(13, 95, -425386199),
	(13, 96, 1916268702),
	(13, 97, -192674589),
	(13, 98, 233963484),
	(13, 99, -1797750064),
	(13, 100, -126867797),
	(14, 1, 1743412986),
	(14, 2, -1452931674),
	(14, 3, 102152361),
	(14, 4, -838183060),
	(14, 5, 1567713311),
	(14, 6, -258153564),
	(14, 7, -1529034483),
	(14, 8, -918980932),
	(14, 9, -985027120),
	(14, 10, -419679705),
	(14, 11, 750656480),
	(14, 12, 93364760),
	(14, 13, -129306121),
	(14, 14, 1441899308),
	(14, 15, -1195633025),
	(14, 16, 352569357),
	(14, 17, 1201885442),
	(14, 18, 421940150),
	(14, 19, 739834601),
	(14, 20, 1066422710),
	(14, 21, -1224312107),
	(14, 22, -1314136012),
	(14, 23, -2012098461),
	(14, 24, -1425080459),
	(14, 25, 1285191191),
	(14, 26, -2063472151),
	(14, 27, 908319452),
	(14, 28, -1963093071),
	(14, 29, -567538832),
	(14, 30, -1333900049),
	(14, 31, -1448435221),
	(14, 32, -343121875),
	(14, 33, -1906933234),
	(14, 34, 2092907289),
	(14, 35, -1155017512),
	(14, 36, 1786572179),
	(14, 37, 2032077608),
	(14, 38, -422896829),
	(14, 39, -930172756),
	(14, 40, 1869152568),
	(14, 41, 2034772495),
	(14, 42, 688955309),
	(14, 43, -1779954578),
	(14, 44, 1932149520),
	(14, 45, -381555643),
	(14, 46, 1578968774),
	(14, 47, -1287597313),
	(14, 48, -2008051109),
	(14, 49, 2021915678),
	(14, 50, 1562486999),
	(14, 51, 308290892),
	(14, 52, 486178235),
	(14, 53, 1928326215),
	(14, 54, 1445397388),
	(14, 55, 2063998971),
	(14, 56, 1404074959),
	(14, 57, -520560358),
	(14, 58, -448844725),
	(14, 59, -1566591481),
	(14, 60, -342896818),
	(14, 61, 1052209211),
	(14, 62, 1489569366),
	(14, 63, 924574956),
	(14, 64, 1487019447),
	(14, 65, 2004262402),
	(14, 66, 1959152124),
	(14, 67, -978612457),
	(14, 68, -960662538),
	(14, 69, -1994033101),
	(14, 70, -126867797),
	(14, 71, 1936250461),
	(14, 72, 1142713745),
	(14, 73, -1851134696),
	(14, 74, -1289976286),
	(14, 75, -1294371653),
	(14, 76, 2027096816),
	(14, 77, -821534400),
	(14, 78, 1572353722),
	(14, 79, -1572476361),
	(14, 80, -267421763),
	(14, 81, -1302509252),
	(14, 82, 1627095088),
	(14, 83, -1662072492),
	(14, 84, 514472307),
	(14, 85, -425386199),
	(14, 86, 495445825),
	(14, 87, 1722002114),
	(14, 88, 588461757),
	(14, 89, 930071086),
	(14, 90, 1617870475),
	(14, 91, 431031626),
	(14, 92, -69691327),
	(14, 93, -1274580276),
	(14, 94, -820036742),
	(14, 95, -1945235070),
	(14, 96, -58990803),
	(14, 97, 579700441),
	(14, 98, -748555387),
	(14, 99, 1120900669),
	(14, 100, 1330288477),
	(15, 1, 1880681428),
	(15, 2, -838183060),
	(15, 3, 1743412986),
	(15, 4, 102152361),
	(15, 5, -419679705),
	(15, 6, -1452931674),
	(15, 7, 324268792),
	(15, 8, 739834601),
	(15, 9, 1567713311),
	(15, 10, 530389951),
	(15, 11, -1425080459),
	(15, 12, -258153564),
	(15, 13, -1207138919),
	(15, 14, 1201885442),
	(15, 15, -1101478782),
	(15, 16, -1289976286),
	(15, 17, -1529034483),
	(15, 18, 1186117152),
	(15, 19, 1748866091),
	(15, 20, 1068730141),
	(15, 21, 1028816690),
	(15, 22, 1706612917),
	(15, 23, 1869152568),
	(15, 24, -1188140602),
	(15, 25, 1949486618),
	(15, 26, -2088211294),
	(15, 27, 1389007676),
	(15, 28, 1936250461),
	(15, 29, -520560358),
	(15, 30, 2063998971),
	(15, 31, 1778404139),
	(15, 32, -918980932),
	(15, 33, -1823625227),
	(15, 34, 38340917),
	(15, 35, 93364760),
	(15, 36, -2012098461),
	(15, 37, -343121875),
	(15, 38, -422896829),
	(15, 39, 789881979),
	(15, 40, -281915919),
	(15, 41, 2086159514),
	(15, 42, -952767742),
	(15, 43, 735705061),
	(15, 44, -1224312107),
	(15, 45, 1487019447),
	(15, 46, 1956948912),
	(15, 47, -779131734),
	(15, 48, 820234637),
	(15, 49, 1066422710),
	(15, 50, 1652366208),
	(15, 51, 2016143219),
	(15, 52, -930172756),
	(15, 53, 99663844),
	(15, 54, 567088262),
	(15, 55, -129306121),
	(15, 56, 1848686064),
	(15, 57, 1079208269),
	(15, 58, -1448435221),
	(15, 59, -1126778702),
	(15, 60, -595061655),
	(15, 61, 352569357),
	(15, 62, 486178235),
	(15, 63, 1658395735),
	(15, 64, 2002494),
	(15, 65, -1048289400),
	(15, 66, -1851873367),
	(15, 67, -126867797),
	(15, 68, 688955309),
	(15, 69, 1932149520),
	(15, 70, -1195633025),
	(15, 71, -637137324),
	(15, 72, 2092907289),
	(15, 73, -448250667),
	(15, 74, 642247971),
	(15, 75, -1145954649),
	(15, 76, 1238450878),
	(15, 77, -1302509252),
	(15, 78, -426875522),
	(15, 79, 1043178175),
	(15, 80, 233963484),
	(15, 81, -1587602486),
	(15, 82, 2080868824),
	(15, 83, 1104684901),
	(15, 84, -903386208),
	(15, 85, -42142796),
	(15, 86, 1882945352),
	(15, 87, 1441899308),
	(15, 88, -1963093071),
	(15, 89, 1617870475),
	(15, 90, 1343373316),
	(15, 91, -821534400),
	(15, 92, 1786572179),
	(15, 93, 1281974564),
	(15, 94, 1852794701),
	(15, 95, -468008772),
	(15, 96, -1024558559),
	(15, 97, 161815963),
	(15, 98, -58990803),
	(15, 99, 461513263),
	(15, 100, 1830211035),
	(16, 1, -838183060),
	(16, 2, 1743412986),
	(16, 3, 102152361),
	(16, 4, 688955309),
	(16, 5, -1425080459),
	(16, 6, 1201885442),
	(16, 7, 739834601),
	(16, 8, -258153564),
	(16, 9, -918980932),
	(16, 10, 93364760),
	(16, 11, -1188140602),
	(16, 12, 1299261807),
	(16, 13, 1120900669),
	(16, 14, 1928326215),
	(16, 15, -1906933234),
	(16, 16, -1302509252),
	(16, 17, 908319452),
	(16, 18, -129306121),
	(16, 19, 1468686875),
	(16, 20, -343121875),
	(16, 21, -2012098461),
	(16, 22, 514472307),
	(16, 23, -158510793),
	(16, 24, -1448435221),
	(16, 25, -1945235070),
	(16, 26, -1287597313),
	(16, 27, 1487019447),
	(16, 28, 495445825),
	(16, 29, 503490205),
	(16, 30, 2027096816),
	(16, 31, -1015352858),
	(16, 32, -1916551938),
	(16, 33, -1566591481),
	(16, 34, 421940150),
	(16, 35, -1964026642),
	(16, 36, 924574956),
	(16, 37, 2117836574),
	(16, 38, -69691327),
	(16, 39, 2004262402),
	(16, 40, 813360649),
	(16, 41, 1178222199),
	(16, 42, -58990803),
	(16, 43, 1888706677),
	(16, 44, 127480216),
	(16, 45, -233311800),
	(16, 46, 1311662923),
	(16, 47, 736213701),
	(16, 48, 516954932),
	(16, 49, -1333900049),
	(16, 50, 1489569366),
	(16, 51, 492873841),
	(16, 52, -820036742),
	(16, 53, 677271393),
	(16, 54, -422896829),
	(16, 55, 122243551),
	(16, 56, -374985936),
	(16, 57, -1321971076),
	(16, 58, 1959152124),
	(16, 59, -987874978),
	(16, 60, -760195549),
	(16, 61, -816150137),
	(16, 62, 980712024),
	(16, 63, -953486310),
	(16, 64, -1053064632),
	(16, 65, 1445397388),
	(16, 66, 1627095088),
	(16, 67, 1906409322),
	(16, 68, 1144494160),
	(16, 69, 9521244),
	(16, 70, -1434670210),
	(16, 71, -2063472151),
	(16, 72, -182887467),
	(16, 73, 1722002114),
	(16, 74, 1386919143),
	(16, 75, 1402330769),
	(16, 76, -970367123),
	(16, 77, -1790911576),
	(16, 78, -2004006809),
	(16, 79, 1404074959),
	(16, 80, 586776835),
	(16, 81, -978612457),
	(16, 82, 4537434),
	(16, 83, -639728758),
	(16, 84, 1067944854),
	(16, 85, -2025367029),
	(16, 86, -1195633025),
	(16, 87, 1486609689),
	(16, 88, 1797618945),
	(16, 89, -1875784788),
	(16, 90, 893903103),
	(16, 91, 26900795),
	(16, 92, 966124957),
	(16, 93, 1562486999),
	(16, 94, -427885423),
	(16, 95, 1956488721),
	(16, 96, -192674589),
	(16, 97, -1114734929),
	(16, 98, -151420357),
	(16, 99, -1592739785),
	(16, 100, 53190562),
	(17, 1, -1207138919),
	(17, 2, 1880681428),
	(17, 3, 1743412986),
	(17, 4, 102152361),
	(17, 5, -783717596),
	(17, 6, -1207138919),
	(17, 7, 739834601),
	(17, 8, -985027120),
	(17, 9, -1425080459),
	(17, 10, 1531832269),
	(17, 11, 1936250461),
	(17, 12, -258153564),
	(17, 13, -1224312107),
	(17, 14, -838183060),
	(17, 15, 839339507),
	(17, 16, 1869152568),
	(17, 17, 93364760),
	(17, 18, 1578968774),
	(17, 19, -918980932),
	(17, 20, 2063998971),
	(17, 21, -1452931674),
	(17, 22, 324268792),
	(17, 23, 352569357),
	(17, 24, -1448435221),
	(17, 25, -760248194),
	(17, 26, -1768319341),
	(17, 27, -595061655),
	(17, 28, 1201885442),
	(17, 29, -1306937135),
	(17, 30, 1441899308),
	(17, 31, 1066422710),
	(17, 32, 1781957234),
	(17, 33, 99663844),
	(17, 34, 1786572179),
	(17, 35, -1529034483),
	(17, 36, 1487019447),
	(17, 37, -1963093071),
	(17, 38, 735705061),
	(17, 39, -448844725),
	(17, 40, 1330288477),
	(17, 41, -343121875),
	(17, 42, -2134552906),
	(17, 43, 530389951),
	(17, 44, -718656171),
	(17, 45, -567538832),
	(17, 46, 1494287800),
	(17, 47, 1706612917),
	(17, 48, -381555643),
	(17, 49, 1052209211),
	(17, 50, 1932149520),
	(17, 51, 1567713311),
	(17, 52, 672448449),
	(17, 53, -1348450234),
	(17, 54, 1778404139),
	(17, 55, -2012098461),
	(17, 56, -486888911),
	(17, 57, 2004262402),
	(17, 58, -930172756),
	(17, 59, 38340917),
	(17, 60, -1638120301),
	(17, 61, 304707326),
	(17, 62, -1850526152),
	(17, 63, 1068730141),
	(17, 64, 908319452),
	(17, 65, 350517203),
	(17, 66, -1399231140),
	(17, 67, -1388676615),
	(17, 68, 2092907289),
	(17, 69, -1101478782),
	(17, 70, -1299091978),
	(17, 71, -1606885724),
	(17, 72, 2021915678),
	(17, 73, -129306121),
	(17, 74, -952767742),
	(17, 75, 588461757),
	(17, 76, 1038359484),
	(17, 77, 503490205),
	(17, 78, -1945235070),
	(17, 79, 890260790),
	(17, 80, -1995908369),
	(17, 81, -1779954578),
	(17, 82, 1658395735),
	(17, 83, -1195633025),
	(17, 84, -1049518099),
	(17, 85, 1617870475),
	(17, 86, 431288704),
	(17, 87, -2031724033),
	(17, 88, 461513263),
	(17, 89, -46454924),
	(17, 90, -1804865674),
	(17, 91, 1928326215),
	(17, 92, 579700441),
	(17, 93, -1092675310),
	(17, 94, -1193409916),
	(17, 95, -1415450007),
	(17, 96, -126867797),
	(17, 97, -760195549),
	(17, 98, -463838992),
	(17, 99, 1404074959),
	(17, 100, -2093319168),
	(18, 1, 102152361),
	(18, 2, -838183060),
	(18, 3, 1743412986),
	(18, 4, 1201885442),
	(18, 5, -258153564),
	(18, 6, 739834601),
	(18, 7, -1448435221),
	(18, 8, 586776835),
	(18, 9, 93364760),
	(18, 10, -419679705),
	(18, 11, 688955309),
	(18, 12, 908319452),
	(18, 13, 2092907289),
	(18, 14, 1445397388),
	(18, 15, 1285191191),
	(18, 16, 1441899308),
	(18, 17, 1489569366),
	(18, 18, -918980932),
	(18, 19, -1662072492),
	(18, 20, 514472307),
	(18, 21, 930071086),
	(18, 22, 352569357),
	(18, 23, -1287597313),
	(18, 24, 1932149520),
	(18, 25, -1906933234),
	(18, 26, -1188140602),
	(18, 27, -1425080459),
	(18, 28, -1779954578),
	(18, 29, -2012098461),
	(18, 30, 2032077608),
	(18, 31, -1195633025),
	(18, 32, 1115039329),
	(18, 33, 893903103),
	(18, 34, -623677247),
	(18, 35, 421940150),
	(18, 36, -158510793),
	(18, 37, 289717752),
	(18, 38, -1994033101),
	(18, 39, 1562486999),
	(18, 40, 736213701),
	(18, 41, 2027096816),
	(18, 42, -343121875),
	(18, 43, -1572476361),
	(18, 44, -126867797),
	(18, 45, -192674589),
	(18, 46, 1928326215),
	(18, 47, -2004006809),
	(18, 48, 1120900669),
	(18, 49, 2117836574),
	(18, 50, -422896829),
	(18, 51, -267421763),
	(18, 52, -880281732),
	(18, 53, -1566591481),
	(18, 54, 1487019447),
	(18, 55, -1775318506),
	(18, 56, 216712847),
	(18, 57, -1333900049),
	(18, 58, -365078650),
	(18, 59, -129306121),
	(18, 60, -1854023875),
	(18, 61, 1299261807),
	(18, 62, -1588015640),
	(18, 63, 9521244),
	(18, 64, -80099928),
	(18, 65, -930172756),
	(18, 66, 2016143219),
	(18, 67, -1306937135),
	(18, 68, -58990803),
	(18, 69, -959036172),
	(18, 70, 1786572179),
	(18, 71, -2025367029),
	(18, 72, -182887467),
	(18, 73, -1126778702),
	(18, 74, -1995908369),
	(18, 75, 495445825),
	(18, 76, 1404074959),
	(18, 77, 1725488543),
	(18, 78, 734948666),
	(18, 79, 622889004),
	(18, 80, -1964026642),
	(18, 81, -964708858),
	(18, 82, -1294371653),
	(18, 83, 1959152124),
	(18, 84, -1436584384),
	(18, 85, -1529034483),
	(18, 86, 1066422710),
	(18, 87, -1982483570),
	(18, 88, 1493919645),
	(18, 89, 1942644743),
	(18, 90, -410828857),
	(18, 91, 431288704),
	(18, 92, 600168311),
	(18, 93, -455077643),
	(18, 94, -301622479),
	(18, 95, -520560358),
	(18, 96, -1945235070),
	(18, 97, -1861182510),
	(18, 98, -1916551938),
	(18, 99, 1576995996),
	(18, 100, 1468686875),
	(19, 1, 1880681428),
	(19, 2, 1743412986),
	(19, 3, -258153564),
	(19, 4, -1224312107),
	(19, 5, 102152361),
	(19, 6, 739834601),
	(19, 7, 324268792),
	(19, 8, -1448435221),
	(19, 9, 1578968774),
	(19, 10, -918980932),
	(19, 11, -718656171),
	(19, 12, -838183060),
	(19, 13, 1936250461),
	(19, 14, -1425080459),
	(19, 15, -419679705),
	(19, 16, 1786572179),
	(19, 17, -595061655),
	(19, 18, -448844725),
	(19, 19, 503490205),
	(19, 20, 1066422710),
	(19, 21, -2012098461),
	(19, 22, -1452931674),
	(19, 23, 839339507),
	(19, 24, -1306937135),
	(19, 25, 2004262402),
	(19, 26, -1879086068),
	(19, 27, -1529034483),
	(19, 28, 461513263),
	(19, 29, 1617870475),
	(19, 30, 2021915678),
	(19, 31, 304707326),
	(19, 32, -1995908369),
	(19, 33, -930172756),
	(19, 34, 2034772495),
	(19, 35, 625628006),
	(19, 36, -1207138919),
	(19, 37, -1092675310),
	(19, 38, 1201885442),
	(19, 39, -1348450234),
	(19, 40, -985027120),
	(19, 41, -1861182510),
	(19, 42, 1531832269),
	(19, 43, 234518502),
	(19, 44, -1779954578),
	(19, 45, 99663844),
	(19, 46, 1932149520),
	(19, 47, -343121875),
	(19, 48, 1487019447),
	(19, 49, 1441899308),
	(19, 50, -126867797),
	(19, 51, -129306121),
	(19, 52, -520560358),
	(19, 53, 352569357),
	(19, 54, 2027096816),
	(19, 55, -783717596),
	(19, 56, 1928326215),
	(19, 57, 521236726),
	(19, 58, 1576995996),
	(19, 59, -1207138919),
	(19, 60, 38340917),
	(19, 61, -2031724033),
	(19, 62, -1638120301),
	(19, 63, -1963093071),
	(19, 64, 1330288477),
	(19, 65, 1778404139),
	(19, 66, 93364760),
	(19, 67, -1606885724),
	(19, 68, -1768319341),
	(19, 69, 1869152568),
	(19, 70, -1155017512),
	(19, 71, -486888911),
	(19, 72, 1389007676),
	(19, 73, 924574956),
	(19, 74, 530389951),
	(19, 75, -1126778702),
	(19, 76, 1748866091),
	(19, 77, 1038359484),
	(19, 78, 846115040),
	(19, 79, -1399231140),
	(19, 80, -1388676615),
	(19, 81, 1468686875),
	(19, 82, 908319452),
	(19, 83, -828192667),
	(19, 84, -1193409916),
	(19, 85, -760195549),
	(19, 86, -1736272215),
	(19, 87, 140968809),
	(19, 88, 2092907289),
	(19, 89, 2063998971),
	(19, 90, 1404074959),
	(19, 91, 1658395735),
	(19, 92, 579700441),
	(19, 93, -153917916),
	(19, 94, -1637326736),
	(19, 95, -586556625),
	(19, 96, -1666200575),
	(19, 97, 46581517),
	(19, 98, -1916551938),
	(19, 99, -567538832),
	(19, 100, 735705061),
	(20, 1, 1880681428),
	(20, 2, -1207138919),
	(20, 3, 1531832269),
	(20, 4, -1207138919),
	(20, 5, 1743412986),
	(20, 6, 1936250461),
	(20, 7, -783717596),
	(20, 8, -918980932),
	(20, 9, -486888911),
	(20, 10, 735705061),
	(20, 11, -1224312107),
	(20, 12, 839339507),
	(20, 13, 102152361),
	(20, 14, 739834601),
	(20, 15, -985027120),
	(20, 16, 1487019447),
	(20, 17, 324268792),
	(20, 18, 2039981763),
	(20, 19, 1869152568),
	(20, 20, -1425080459),
	(20, 21, 352569357),
	(20, 22, 2063998971),
	(20, 23, 1578968774),
	(20, 24, -718656171),
	(20, 25, 93364760),
	(20, 26, 1052209211),
	(20, 27, -1768319341),
	(20, 28, 1781957234),
	(20, 29, -838183060),
	(20, 30, 38340917),
	(20, 31, -258153564),
	(20, 32, -595061655),
	(20, 33, -1306937135),
	(20, 34, 1201885442),
	(20, 35, -1101478782),
	(20, 36, -1448435221),
	(20, 37, -567538832),
	(20, 38, 530389951),
	(20, 39, -547629108),
	(20, 40, -1348450234),
	(20, 41, 1786572179),
	(20, 42, 1441899308),
	(20, 43, 1068730141),
	(20, 44, -1963093071),
	(20, 45, 1330288477),
	(20, 46, -463838992),
	(20, 47, 350517203),
	(20, 48, 1706612917),
	(20, 49, -1452931674),
	(20, 50, 672448449),
	(20, 51, -448844725),
	(20, 52, 1932149520),
	(20, 53, -1529034483),
	(20, 54, -838041630),
	(20, 55, 1066422710),
	(20, 56, -1415450007),
	(20, 57, 99663844),
	(20, 58, -2088211294),
	(20, 59, -1399231140),
	(20, 60, -930172756),
	(20, 61, -760248194),
	(20, 62, -26716262),
	(20, 63, 486178235),
	(20, 64, -1638120301),
	(20, 65, -2134552906),
	(20, 66, 1494287800),
	(20, 67, 1038359484),
	(20, 68, -343121875),
	(20, 69, -2093319168),
	(20, 70, -964073115),
	(20, 71, -126867797),
	(20, 72, -2012098461),
	(20, 73, 2021915678),
	(20, 74, 2092907289),
	(20, 75, -381555643),
	(20, 76, -1606885724),
	(20, 77, -1804865674),
	(20, 78, 631595781),
	(20, 79, -1299091978),
	(20, 80, -1662072492),
	(20, 81, 431288704),
	(20, 82, 304707326),
	(20, 83, -1388676615),
	(20, 84, -541652185),
	(20, 85, 1254028658),
	(20, 86, 1567713311),
	(20, 87, 1928326215),
	(20, 88, -1195633025),
	(20, 89, 1680631774),
	(20, 90, 2086159514),
	(20, 91, 238523547),
	(20, 92, -1637326736),
	(20, 93, 2004262402),
	(20, 94, -1995908369),
	(20, 95, 588461757),
	(20, 96, 1617870475),
	(20, 97, -1850526152),
	(20, 98, -46454924),
	(20, 99, 1404074959),
	(20, 100, 908319452),
	(21, 1, -838183060),
	(21, 2, 102152361),
	(21, 3, -1425080459),
	(21, 4, 1743412986),
	(21, 5, 93364760),
	(21, 6, 1201885442),
	(21, 7, -1448435221),
	(21, 8, -258153564),
	(21, 9, -918980932),
	(21, 10, 688955309),
	(21, 11, 908319452),
	(21, 12, 739834601),
	(21, 13, 1299261807),
	(21, 14, 2092907289),
	(21, 15, 1120900669),
	(21, 16, -1195633025),
	(21, 17, 736213701),
	(21, 18, 561529248),
	(21, 19, -158510793),
	(21, 20, -1906933234),
	(21, 21, -1287597313),
	(21, 22, 1445397388),
	(21, 23, -760195549),
	(21, 24, -422896829),
	(21, 25, 2027096816),
	(21, 26, -1188140602),
	(21, 27, -1945235070),
	(21, 28, -639728758),
	(21, 29, -58990803),
	(21, 30, 352569357),
	(21, 31, -129306121),
	(21, 32, 1888706677),
	(21, 33, -343121875),
	(21, 34, 1067944854),
	(21, 35, -1566591481),
	(21, 36, 1487019447),
	(21, 37, 1928326215),
	(21, 38, -2012098461),
	(21, 39, 1489569366),
	(21, 40, -1302509252),
	(21, 41, 1386919143),
	(21, 42, 503490205),
	(21, 43, 514472307),
	(21, 44, 495445825),
	(21, 45, -2063472151),
	(21, 46, -1224312107),
	(21, 47, 2004262402),
	(21, 48, 1959152124),
	(21, 49, 1722002114),
	(21, 50, -1333900049),
	(21, 51, 492873841),
	(21, 52, 1908552857),
	(21, 53, -1321971076),
	(21, 54, 1627095088),
	(21, 55, 1468686875),
	(21, 56, 325557372),
	(21, 57, -1588183996),
	(21, 58, 966124957),
	(21, 59, 586776835),
	(21, 60, -192674589),
	(21, 61, 677271393),
	(21, 62, 1402330769),
	(21, 63, 924574956),
	(21, 64, 1477754659),
	(21, 65, -455077643),
	(21, 66, -820036742),
	(21, 67, 461513263),
	(21, 68, -2004006809),
	(21, 69, -2025367029),
	(21, 70, 36990480),
	(21, 71, -427885423),
	(21, 72, 1572353722),
	(21, 73, 893903103),
	(21, 74, -978612457),
	(21, 75, 2117836574),
	(21, 76, -233311800),
	(21, 77, -827199920),
	(21, 78, 127480216),
	(21, 79, -746460042),
	(21, 80, 225605085),
	(21, 81, 1894486689),
	(21, 82, 289717752),
	(21, 83, -1916551938),
	(21, 84, -53232544),
	(21, 85, -959036172),
	(21, 86, -657810537),
	(21, 87, -1878003257),
	(21, 88, -1592739785),
	(21, 89, -816150137),
	(21, 90, -953486310),
	(21, 91, 717750448),
	(21, 92, 1051330664),
	(21, 93, 293049772),
	(21, 94, 1275372209),
	(21, 95, -2055445745),
	(21, 96, -1197097068),
	(21, 97, 1178222199),
	(21, 98, -901230270),
	(21, 99, 1953304691),
	(21, 100, 1144494160),
	(22, 1, -838183060),
	(22, 2, 1743412986),
	(22, 3, 739834601),
	(22, 4, -1188140602),
	(22, 5, -918980932),
	(22, 6, -1425080459),
	(22, 7, 1201885442),
	(22, 8, 688955309),
	(22, 9, 102152361),
	(22, 10, 516954932),
	(22, 11, 93364760),
	(22, 12, -258153564),
	(22, 13, 1928326215),
	(22, 14, 2027096816),
	(22, 15, -1916551938),
	(22, 16, -1906933234),
	(22, 17, 1299261807),
	(22, 18, -427885423),
	(22, 19, -69691327),
	(22, 20, 908319452),
	(22, 21, -1302509252),
	(22, 22, -1964026642),
	(22, 23, 736213701),
	(22, 24, 1311662923),
	(22, 25, 514472307),
	(22, 26, -233311800),
	(22, 27, 36990480),
	(22, 28, -1015352858),
	(22, 29, -343121875),
	(22, 30, -1321971076),
	(22, 31, 1487019447),
	(22, 32, -158510793),
	(22, 33, 2004262402),
	(22, 34, 1468686875),
	(22, 35, 495445825),
	(22, 36, 2117836574),
	(22, 37, -1287597313),
	(22, 38, 451805273),
	(22, 39, 1445397388),
	(22, 40, -1566591481),
	(22, 41, 421940150),
	(22, 42, -2012098461),
	(22, 43, 1572353722),
	(22, 44, 1386919143),
	(22, 45, 122243551),
	(22, 46, -978612457),
	(22, 47, 1489569366),
	(22, 48, -820036742),
	(22, 49, 924574956),
	(22, 50, -953486310),
	(22, 51, 225605085),
	(22, 52, -816150137),
	(22, 53, 1178222199),
	(22, 54, -1029150313),
	(22, 55, 503490205),
	(22, 56, -1945235070),
	(22, 57, 1906409322),
	(22, 58, -182887467),
	(22, 59, 117786945),
	(22, 60, 1120900669),
	(22, 61, 1675546234),
	(22, 62, 1904157823),
	(22, 63, 1680631774),
	(22, 64, 9521244),
	(22, 65, 813360649),
	(22, 66, 1016915552),
	(22, 67, -1687211991),
	(22, 68, 956479345),
	(22, 69, 492873841),
	(22, 70, -920563367),
	(22, 71, 1144494160),
	(22, 72, 127480216),
	(22, 73, 1797618945),
	(22, 74, -2004006809),
	(22, 75, 1627095088),
	(22, 76, -970367123),
	(22, 77, -1106888995),
	(22, 78, 354188724),
	(22, 79, 1835834383),
	(22, 80, -994692908),
	(22, 81, -2025367029),
	(22, 82, 561529248),
	(22, 83, -2063472151),
	(22, 84, 1295107981),
	(22, 85, -1115877846),
	(22, 86, 1249182551),
	(22, 87, -923102444),
	(22, 88, -1053064632),
	(22, 89, -126330594),
	(22, 90, -1333900049),
	(22, 91, 423839194),
	(22, 92, 396009929),
	(22, 93, 53190562),
	(22, 94, -1790911576),
	(22, 95, 234518502),
	(22, 96, -455077643),
	(22, 97, -987874978),
	(22, 98, 893903103),
	(22, 99, -1878003257),
	(22, 100, 355915737),
	(23, 1, 1880681428),
	(23, 2, 1743412986),
	(23, 3, 324268792),
	(23, 4, 530389951),
	(23, 5, -838183060),
	(23, 6, -1452931674),
	(23, 7, 739834601),
	(23, 8, 1389007676),
	(23, 9, 102152361),
	(23, 10, 1567713311),
	(23, 11, 1956948912),
	(23, 12, -258153564),
	(23, 13, 1949486618),
	(23, 14, -1425080459),
	(23, 15, 461513263),
	(23, 16, -952767742),
	(23, 17, -1207138919),
	(23, 18, 1706612917),
	(23, 19, -1289976286),
	(23, 20, 1028816690),
	(23, 21, 6652933),
	(23, 22, 1786572179),
	(23, 23, 1201885442),
	(23, 24, 1778404139),
	(23, 25, -1529034483),
	(23, 26, -419679705),
	(23, 27, 789881979),
	(23, 28, 820234637),
	(23, 29, -595061655),
	(23, 30, 1186117152),
	(23, 31, -422896829),
	(23, 32, -719627959),
	(23, 33, -1101478782),
	(23, 34, -2088211294),
	(23, 35, -1972788819),
	(23, 36, 579700441),
	(23, 37, 1848686064),
	(23, 38, 1343373316),
	(23, 39, -1188140602),
	(23, 40, 1748866091),
	(23, 41, 93364760),
	(23, 42, 1066422710),
	(23, 43, -343121875),
	(23, 44, 99663844),
	(23, 45, 1079208269),
	(23, 46, -1224312107),
	(23, 47, 1652366208),
	(23, 48, -779131734),
	(23, 49, 2002494),
	(23, 50, -783717596),
	(23, 51, 1068730141),
	(23, 52, 1671738598),
	(23, 53, -2120776005),
	(23, 54, -584895933),
	(23, 55, 567088262),
	(23, 56, 38340917),
	(23, 57, 2086159514),
	(23, 58, 1658395735),
	(23, 59, -1145954649),
	(23, 60, -520560358),
	(23, 61, 1869152568),
	(23, 62, -1823625227),
	(23, 63, 1238450878),
	(23, 64, -1195633025),
	(23, 65, -869646497),
	(23, 66, -930172756),
	(23, 67, -1637326736),
	(23, 68, 486178235),
	(23, 69, 2063998971),
	(23, 70, -281915919),
	(23, 71, 1281974564),
	(23, 72, -1325588708),
	(23, 73, 1487019447),
	(23, 74, 1936250461),
	(23, 75, 2016143219),
	(23, 76, -42142796),
	(23, 77, -918980932),
	(23, 78, -998193551),
	(23, 79, 135201511),
	(23, 80, 642247971),
	(23, 81, 735705061),
	(23, 82, 2092907289),
	(23, 83, -1587602486),
	(23, 84, 1265235297),
	(23, 85, -2012098461),
	(23, 86, -821534400),
	(23, 87, -1048289400),
	(23, 88, 1104684901),
	(23, 89, -1734912888),
	(23, 90, 1830211035),
	(23, 91, -426875522),
	(23, 92, -129306121),
	(23, 93, -1415450007),
	(23, 94, -2134552906),
	(23, 95, 1932149520),
	(23, 96, -1448435221),
	(23, 97, -238665999),
	(23, 98, 759742922),
	(23, 99, 286121791),
	(23, 100, 2080868824),
	(24, 1, 1468686875),
	(24, 2, -994915245),
	(24, 3, 514472307),
	(24, 4, -1638120301),
	(24, 5, 688955309),
	(24, 6, 2041952546),
	(24, 7, 889738517),
	(24, 8, 1295974955),
	(24, 9, 677271393),
	(24, 10, 1094912675),
	(24, 11, -1236621102),
	(24, 12, 1504028921),
	(24, 13, 1185039388),
	(24, 14, 1642182108),
	(24, 15, 1422087960),
	(24, 16, 495445825),
	(24, 17, -1689908325),
	(24, 18, -546962030),
	(24, 19, -1364229290),
	(24, 20, 117684996),
	(24, 21, 1085074335),
	(24, 22, 1904157823),
	(24, 23, -147357504),
	(24, 24, 2135717203),
	(24, 25, 1845607780),
	(24, 26, -1566303734),
	(24, 27, -718286203),
	(24, 28, -812300889),
	(24, 29, -472423160),
	(24, 30, 2112374379),
	(24, 31, -994124825),
	(24, 32, 1308230722),
	(24, 33, -2029208909),
	(24, 34, -240524139),
	(24, 35, -1144621383),
	(24, 36, -485101006),
	(24, 37, -1650552576),
	(24, 38, -1634630406),
	(24, 39, -1387903018),
	(24, 40, 522077974),
	(24, 41, 444271666),
	(24, 42, 2027049312),
	(24, 43, 207182367),
	(24, 44, 1501383744),
	(24, 45, 212085866),
	(24, 46, -1320588488),
	(24, 47, 1967091559),
	(24, 48, 1186646853),
	(24, 49, -1163761920),
	(24, 50, -1188140602),
	(24, 51, -22654154),
	(24, 52, -844731629),
	(24, 53, -1110276943),
	(24, 54, -99742151),
	(24, 55, -1967922553),
	(24, 56, -601122617),
	(24, 57, -1170677459),
	(24, 58, -456738636),
	(24, 59, -580565409),
	(24, 60, 1776299941),
	(24, 61, -291678491),
	(24, 62, 2072866935),
	(24, 63, 797438458),
	(24, 64, -513481569),
	(24, 65, 1125560153),
	(24, 66, 1266033301),
	(24, 67, -1161810094),
	(24, 68, 365817404),
	(24, 69, -1699110024),
	(24, 70, -1259045173),
	(24, 71, -478324441),
	(24, 72, 1100226520),
	(24, 73, 1345578072),
	(24, 74, -1294334691),
	(24, 75, 480129737),
	(24, 76, 1793746787),
	(24, 77, 423839194),
	(24, 78, 235848528),
	(24, 79, 119330352),
	(24, 80, 1444582248),
	(24, 81, 813360649),
	(24, 82, -1466752546),
	(24, 83, -2085600545),
	(24, 84, 2014200552),
	(24, 85, 636428461),
	(24, 86, -1876781528),
	(24, 87, -1999422497),
	(24, 88, 1648355533),
	(24, 89, 1671796318),
	(24, 90, 1586709885),
	(24, 91, 1516480253),
	(24, 92, -1900874307),
	(24, 93, 581055194),
	(24, 94, -1231853491),
	(24, 95, -21455289),
	(24, 96, 561529248),
	(24, 97, 1988601556),
	(24, 98, -681434121),
	(24, 99, -1528511057),
	(24, 100, 1884640746),
	(25, 1, -838183060),
	(25, 2, 688955309),
	(25, 3, 1956488721),
	(25, 4, -343121875),
	(25, 5, 1468686875),
	(25, 6, -1188140602),
	(25, 7, -2063472151),
	(25, 8, 495445825),
	(25, 9, -1906933234),
	(25, 10, 102152361),
	(25, 11, -760195549),
	(25, 12, 1201885442),
	(25, 13, 2004262402),
	(25, 14, 1311662923),
	(25, 15, 1386919143),
	(25, 16, 956479345),
	(25, 17, 354188724),
	(25, 18, -1163218626),
	(25, 19, 9521244),
	(25, 20, -1425080459),
	(25, 21, 421940150),
	(25, 22, -978612457),
	(25, 23, 2091864091),
	(25, 24, 1037419078),
	(25, 25, 736213701),
	(25, 26, -1147163871),
	(25, 27, 1149332910),
	(25, 28, 1642182108),
	(25, 29, 677271393),
	(25, 30, 1888706677),
	(25, 31, 316900436),
	(25, 32, -1744455766),
	(25, 33, 333593913),
	(25, 34, 2017441647),
	(25, 35, -1851134696),
	(25, 36, 717750448),
	(25, 37, 1404074959),
	(25, 38, 1193233),
	(25, 39, -1720770626),
	(25, 40, 1178222199),
	(25, 41, 1376828110),
	(25, 42, 721179913),
	(25, 43, -601122617),
	(25, 44, 561529248),
	(25, 45, 1835834383),
	(25, 46, 1906409322),
	(25, 47, -940976480),
	(25, 48, 1504028921),
	(25, 49, 514472307),
	(25, 50, 292362515),
	(25, 51, -391614127),
	(25, 52, 966124957),
	(25, 53, -1882957304),
	(25, 54, 492873841),
	(25, 55, 1489569366),
	(25, 56, 890849569),
	(25, 57, 429330183),
	(25, 58, -963511868),
	(25, 59, -582396260),
	(25, 60, 1096574461),
	(25, 61, -1236621102),
	(25, 62, 212085866),
	(25, 63, -1878003257),
	(25, 64, -40855549),
	(25, 65, -485101006),
	(25, 66, 1118664629),
	(25, 67, -1364229290),
	(25, 68, 92702102),
	(25, 69, 1201373847),
	(25, 70, 2039282675),
	(25, 71, -578173730),
	(25, 72, 706942301),
	(25, 73, -827321211),
	(25, 74, -807740475),
	(25, 75, -125701514),
	(25, 76, 2135717203),
	(25, 77, 234518502),
	(25, 78, -165488520),
	(25, 79, 826362978),
	(25, 80, 373608147),
	(25, 81, 889738517),
	(25, 82, -736376340),
	(25, 83, 1719420857),
	(25, 84, 1551695930),
	(25, 85, -23684229),
	(25, 86, -1114734929),
	(25, 87, 1010616461),
	(25, 88, -80099928),
	(25, 89, -1523118551),
	(25, 90, -1466090510),
	(25, 91, -21455289),
	(25, 92, -125701514),
	(25, 93, -1917964456),
	(25, 94, -1115106938),
	(25, 95, 2012991220),
	(25, 96, -2129316946),
	(25, 97, 1518509634),
	(25, 98, -827199920),
	(25, 99, 9306858),
	(25, 100, -994915245),
	(26, 1, -838183060),
	(26, 2, 688955309),
	(26, 3, -343121875),
	(26, 4, 1468686875),
	(26, 5, 495445825),
	(26, 6, 421940150),
	(26, 7, -1188140602),
	(26, 8, -2063472151),
	(26, 9, 1037419078),
	(26, 10, 1311662923),
	(26, 11, -69691327),
	(26, 12, 102152361),
	(26, 13, -1287597313),
	(26, 14, 956479345),
	(26, 15, -1906933234),
	(26, 16, 1888706677),
	(26, 17, -760195549),
	(26, 18, 9521244),
	(26, 19, 1320717047),
	(26, 20, -40855549),
	(26, 21, 1956488721),
	(26, 22, -1416159980),
	(26, 23, -165488520),
	(26, 24, -1698125154),
	(26, 25, 354188724),
	(26, 26, 355915737),
	(26, 27, -1114734929),
	(26, 28, -1720770626),
	(26, 29, 92702102),
	(26, 30, 1386919143),
	(26, 31, 2004262402),
	(26, 32, 1149332910),
	(26, 33, 736213701),
	(26, 34, 852355533),
	(26, 35, -923102444),
	(26, 36, 1906409322),
	(26, 37, 2091864091),
	(26, 38, -601122617),
	(26, 39, -931034888),
	(26, 40, -1878003257),
	(26, 41, 1004230719),
	(26, 42, 1574856),
	(26, 43, 316900436),
	(26, 44, -233311800),
	(26, 45, 1096574461),
	(26, 46, -978612457),
	(26, 47, -827321211),
	(26, 48, -1851134696),
	(26, 49, -1431426607),
	(26, 50, 1835834383),
	(26, 51, 1376828110),
	(26, 52, -1882957304),
	(26, 53, 2017441647),
	(26, 54, -1032969791),
	(26, 55, 373608147),
	(26, 56, 234518502),
	(26, 57, -1638120301),
	(26, 58, -80099928),
	(26, 59, 514472307),
	(26, 60, -1163218626),
	(26, 61, 12559290),
	(26, 62, -1652069304),
	(26, 63, -1364229290),
	(26, 64, 966124957),
	(26, 65, -787471790),
	(26, 66, -1012866963),
	(26, 67, 717750448),
	(26, 68, 1404074959),
	(26, 69, 890849569),
	(26, 70, 1193233),
	(26, 71, 677271393),
	(26, 72, -1744455766),
	(26, 73, -1188318101),
	(26, 74, 747198144),
	(26, 75, 1518509634),
	(26, 76, 1551695930),
	(26, 77, 561529248),
	(26, 78, -391614127),
	(26, 79, 333593913),
	(26, 80, -963511868),
	(26, 81, 753062974),
	(26, 82, 721179913),
	(26, 83, -1106888995),
	(26, 84, -1523118551),
	(26, 85, -171478143),
	(26, 86, -1147163871),
	(26, 87, 292362515),
	(26, 88, -2129316946),
	(26, 89, 495445825),
	(26, 90, -1633809841),
	(26, 91, 115308739),
	(26, 92, 334458795),
	(26, 93, 2039282675),
	(26, 94, -580565409),
	(26, 95, 1388378244),
	(26, 96, 826362978),
	(26, 97, 150800731),
	(26, 98, 80515507),
	(26, 99, -1869167402),
	(26, 100, 706942301),
	(27, 1, -1207138919),
	(27, 2, 1743412986),
	(27, 3, 102152361),
	(27, 4, 735705061),
	(27, 5, 1763518830),
	(27, 6, -1101478782),
	(27, 7, -520560358),
	(27, 8, -258153564),
	(27, 9, -1048289400),
	(27, 10, -838183060),
	(27, 11, 1186117152),
	(27, 12, 1786572179),
	(27, 13, -419679705),
	(27, 14, -1425080459),
	(27, 15, -1452931674),
	(27, 16, 38340917),
	(27, 17, 739834601),
	(27, 18, 2063998971),
	(27, 19, -930172756),
	(27, 20, 1201885442),
	(27, 21, 131057508),
	(27, 22, 677271393),
	(27, 23, 1936250461),
	(27, 24, 352569357),
	(27, 25, 1869152568),
	(27, 26, -343121875),
	(27, 27, -427885423),
	(27, 28, -381555643),
	(27, 29, -1448435221),
	(27, 30, 1066422710),
	(27, 31, 93364760),
	(27, 32, -1294371653),
	(27, 33, -1188140602),
	(27, 34, -975294052),
	(27, 35, 1562486999),
	(27, 36, 1157270092),
	(27, 37, -903386208),
	(27, 38, 486178235),
	(27, 39, -2012098461),
	(27, 40, 324268792),
	(27, 41, 1880681428),
	(27, 42, 2086159514),
	(27, 43, 810882702),
	(27, 44, 514472307),
	(27, 45, 688955309),
	(27, 46, 2092907289),
	(27, 47, -721656257),
	(27, 48, 1489569366),
	(27, 49, 1104684901),
	(27, 50, 1120900669),
	(27, 51, 1285191191),
	(27, 52, -1487583218),
	(27, 53, -126867797),
	(27, 54, 672448449),
	(27, 55, -970367123),
	(27, 56, 1932149520),
	(27, 57, -1333900049),
	(27, 58, 1116474345),
	(27, 59, 1286035163),
	(27, 60, -1442908789),
	(27, 61, 625628006),
	(27, 62, -1995908369),
	(27, 63, -1287597313),
	(27, 64, -129306121),
	(27, 65, 1572353722),
	(27, 66, -1529034483),
	(27, 67, -1869167402),
	(27, 68, -918980932),
	(27, 69, -1195633025),
	(27, 70, 1216341262),
	(27, 71, -2008051109),
	(27, 72, 1452195553),
	(27, 73, -1797750064),
	(27, 74, -820036742),
	(27, 75, -192674589),
	(27, 76, 1928326215),
	(27, 77, -718026856),
	(27, 78, -1029150313),
	(27, 79, -1197097068),
	(27, 80, -445073737),
	(27, 81, -541652185),
	(27, 82, 1617870475),
	(27, 83, 1832664268),
	(27, 84, -422896829),
	(27, 85, -946298387),
	(27, 86, -978612457),
	(27, 87, 1303860656),
	(27, 88, -1854023875),
	(27, 89, -595061655),
	(27, 90, -1289976286),
	(27, 91, 2027096816),
	(27, 92, -1302509252),
	(27, 93, 888995727),
	(27, 94, -1126778702),
	(27, 95, -26716262),
	(27, 96, 545277706),
	(27, 97, 893903103),
	(27, 98, -1259340603),
	(27, 99, 1445397388),
	(27, 100, -639728758),
	(28, 1, 1743412986),
	(28, 2, 1880681428),
	(28, 3, 102152361),
	(28, 4, -1452931674),
	(28, 5, 324268792),
	(28, 6, -838183060),
	(28, 7, -1207138919),
	(28, 8, -1101478782),
	(28, 9, -258153564),
	(28, 10, 38340917),
	(28, 11, -918980932),
	(28, 12, -1529034483),
	(28, 13, 1936250461),
	(28, 14, 1567713311),
	(28, 15, 739834601),
	(28, 16, 1949486618),
	(28, 17, 1201885442),
	(28, 18, 352569357),
	(28, 19, -1851873367),
	(28, 20, 1763518830),
	(28, 21, 735705061),
	(28, 22, 1068730141),
	(28, 23, 688955309),
	(28, 24, 1441899308),
	(28, 25, -1207138919),
	(28, 26, -2012098461),
	(28, 27, 2063998971),
	(28, 28, -1333900049),
	(28, 29, -2008051109),
	(28, 30, 1869152568),
	(28, 31, -1425080459),
	(28, 32, -2063472151),
	(28, 33, -520560358),
	(28, 34, 1658395735),
	(28, 35, 93364760),
	(28, 36, -419679705),
	(28, 37, 1748866091),
	(28, 38, 1216341262),
	(28, 39, 2086159514),
	(28, 40, 1786572179),
	(28, 41, -1224312107),
	(28, 42, -1289976286),
	(28, 43, 1617870475),
	(28, 44, -1963093071),
	(28, 45, 486178235),
	(28, 46, 2092907289),
	(28, 47, -930172756),
	(28, 48, -422896829),
	(28, 49, 2080868824),
	(28, 50, -267421763),
	(28, 51, -381555643),
	(28, 52, -1945235070),
	(28, 53, 1928326215),
	(28, 54, 1487019447),
	(28, 55, -192674589),
	(28, 56, -1736272215),
	(28, 57, 677271393),
	(28, 58, -1415450007),
	(28, 59, -126867797),
	(28, 60, -1195633025),
	(28, 61, -1126778702),
	(28, 62, -1287597313),
	(28, 63, 1186117152),
	(28, 64, 1330288477),
	(28, 65, 122243551),
	(28, 66, 1778404139),
	(28, 67, -343121875),
	(28, 68, -1294371653),
	(28, 69, -1797750064),
	(28, 70, 625628006),
	(28, 71, -1302509252),
	(28, 72, -448250667),
	(28, 73, 1668887895),
	(28, 74, -1048289400),
	(28, 75, -975294052),
	(28, 76, -1197097068),
	(28, 77, -2088211294),
	(28, 78, -129306121),
	(28, 79, 1120900669),
	(28, 80, 966124957),
	(28, 81, -410828857),
	(28, 82, -1869167402),
	(28, 83, 127480216),
	(28, 84, 1067944854),
	(28, 85, 1104684901),
	(28, 86, 131057508),
	(28, 87, -1448435221),
	(28, 88, 1832664268),
	(28, 89, -1188140602),
	(28, 90, -58990803),
	(28, 91, 1932149520),
	(28, 92, -1764129056),
	(28, 93, -903386208),
	(28, 94, 545277706),
	(28, 95, -1259340603),
	(28, 96, 1934638188),
	(28, 97, 1066422710),
	(28, 98, 888995727),
	(28, 99, -595061655),
	(28, 100, -426875522),
	(29, 1, 1743412986),
	(29, 2, -838183060),
	(29, 3, -258153564),
	(29, 4, 102152361),
	(29, 5, 739834601),
	(29, 6, -918980932),
	(29, 7, 1201885442),
	(29, 8, 2092907289),
	(29, 9, -1425080459),
	(29, 10, 1487019447),
	(29, 11, -1448435221),
	(29, 12, -1529034483),
	(29, 13, -419679705),
	(29, 14, 1441899308),
	(29, 15, 908319452),
	(29, 16, 1285191191),
	(29, 17, -126867797),
	(29, 18, -1995908369),
	(29, 19, -1945235070),
	(29, 20, 930071086),
	(29, 21, 2032077608),
	(29, 22, 1066422710),
	(29, 23, -1195633025),
	(29, 24, 688955309),
	(29, 25, -422896829),
	(29, 26, -1964026642),
	(29, 27, 93364760),
	(29, 28, 1115039329),
	(29, 29, -1566591481),
	(29, 30, -1302509252),
	(29, 31, 289717752),
	(29, 32, -1779954578),
	(29, 33, -2012098461),
	(29, 34, 2004262402),
	(29, 35, 1299261807),
	(29, 36, 1928326215),
	(29, 37, 1254028658),
	(29, 38, 1052209211),
	(29, 39, 2027096816),
	(29, 40, 2016143219),
	(29, 41, 1477754659),
	(29, 42, -1994033101),
	(29, 43, 352569357),
	(29, 44, -301622479),
	(29, 45, 600168311),
	(29, 46, -2004006809),
	(29, 47, -158510793),
	(29, 48, 1468686875),
	(29, 49, 1932149520),
	(29, 50, 1572353722),
	(29, 51, -192674589),
	(29, 52, 1116474345),
	(29, 53, 1959152124),
	(29, 54, -1588015640),
	(29, 55, -1346496843),
	(29, 56, 1120900669),
	(29, 57, 96913574),
	(29, 58, -946298387),
	(29, 59, -1224312107),
	(29, 60, -58990803),
	(29, 61, -1333900049),
	(29, 62, 267587785),
	(29, 63, -343121875),
	(29, 64, 2117836574),
	(29, 65, -26716262),
	(29, 66, -1906933234),
	(29, 67, 924574956),
	(29, 68, 425056400),
	(29, 69, 127480216),
	(29, 70, -1168496294),
	(29, 71, -1662072492),
	(29, 72, -820036742),
	(29, 73, -816150137),
	(29, 74, -1294371653),
	(29, 75, -463838992),
	(29, 76, 736213701),
	(29, 77, -2063472151),
	(29, 78, 495445825),
	(29, 79, 895665169),
	(29, 80, -365078650),
	(29, 81, 1489569366),
	(29, 82, -1188140602),
	(29, 83, -233311800),
	(29, 84, 233963484),
	(29, 85, -1126778702),
	(29, 86, 503490205),
	(29, 87, -1287597313),
	(29, 88, -129306121),
	(29, 89, 421940150),
	(29, 90, -2025367029),
	(29, 91, 1178222199),
	(29, 92, 514472307),
	(29, 93, 1576995996),
	(29, 94, 234518502),
	(29, 95, 1543583236),
	(29, 96, 1419888509),
	(29, 97, 1627095088),
	(29, 98, 293049772),
	(29, 99, 1402330769),
	(29, 100, 1249182551),
	(30, 1, 1743412986),
	(30, 2, 102152361),
	(30, 3, -838183060),
	(30, 4, -258153564),
	(30, 5, 1880681428),
	(30, 6, -1207138919),
	(30, 7, 739834601),
	(30, 8, -1425080459),
	(30, 9, -1452931674),
	(30, 10, 1201885442),
	(30, 11, -1101478782),
	(30, 12, -1529034483),
	(30, 13, 1186117152),
	(30, 14, 93364760),
	(30, 15, 1869152568),
	(30, 16, 38340917),
	(30, 17, -918980932),
	(30, 18, -343121875),
	(30, 19, 324268792),
	(30, 20, 1567713311),
	(30, 21, 2063998971),
	(30, 22, -281915919),
	(30, 23, 735705061),
	(30, 24, -1188140602),
	(30, 25, 1949486618),
	(30, 26, -1333900049),
	(30, 27, 2086159514),
	(30, 28, -2012098461),
	(30, 29, 1936250461),
	(30, 30, -1823625227),
	(30, 31, -2088211294),
	(30, 32, -520560358),
	(30, 33, -422896829),
	(30, 34, 486178235),
	(30, 35, 1748866091),
	(30, 36, 1066422710),
	(30, 37, 688955309),
	(30, 38, 1652366208),
	(30, 39, -1448435221),
	(30, 40, -129306121),
	(30, 41, 1068730141),
	(30, 42, -2008051109),
	(30, 43, 99663844),
	(30, 44, 352569357),
	(30, 45, -1224312107),
	(30, 46, 1487019447),
	(30, 47, -779131734),
	(30, 48, 1932149520),
	(30, 49, -1851873367),
	(30, 50, -419679705),
	(30, 51, -126867797),
	(30, 52, 1079208269),
	(30, 53, -1195633025),
	(30, 54, 233963484),
	(30, 55, -1126778702),
	(30, 56, -930172756),
	(30, 57, 567088262),
	(30, 58, 1441899308),
	(30, 59, -1797750064),
	(30, 60, 2016143219),
	(30, 61, -637137324),
	(30, 62, 625628006),
	(30, 63, 677271393),
	(30, 64, 1104684901),
	(30, 65, -515294329),
	(30, 66, -2063472151),
	(30, 67, -821534400),
	(30, 68, -1287597313),
	(30, 69, 586776835),
	(30, 70, 1389007676),
	(30, 71, -1289976286),
	(30, 72, -1588015640),
	(30, 73, 333593913),
	(30, 74, -410909803),
	(30, 75, -1963093071),
	(30, 76, -1024558559),
	(30, 77, -1302509252),
	(30, 78, 157039698),
	(30, 79, 1778404139),
	(30, 80, 1617870475),
	(30, 81, -952767742),
	(30, 82, 2092907289),
	(30, 83, 642247971),
	(30, 84, -595061655),
	(30, 85, 1043178175),
	(30, 86, -903386208),
	(30, 87, -58990803),
	(30, 88, 1343373316),
	(30, 89, 2080868824),
	(30, 90, 161815963),
	(30, 91, 1956948912),
	(30, 92, -426875522),
	(30, 93, 1424297285),
	(30, 94, 317675752),
	(30, 95, -1691542802),
	(30, 96, -505124198),
	(30, 97, 344381648),
	(30, 98, -448250667),
	(30, 99, -1733042213),
	(30, 100, -454259663),
	(31, 1, -1207138919),
	(31, 2, 1880681428),
	(31, 3, -595061655),
	(31, 4, 1743412986),
	(31, 5, 1778404139),
	(31, 6, -838183060),
	(31, 7, -783717596),
	(31, 8, 102152361),
	(31, 9, 530389951),
	(31, 10, -258153564),
	(31, 11, 739834601),
	(31, 12, 324268792),
	(31, 13, 1706612917),
	(31, 14, -1972788819),
	(31, 15, 1748866091),
	(31, 16, 1389007676),
	(31, 17, -520560358),
	(31, 18, 1068730141),
	(31, 19, -952767742),
	(31, 20, -1425080459),
	(31, 21, 1343373316),
	(31, 22, -1529034483),
	(31, 23, 735705061),
	(31, 24, -1452931674),
	(31, 25, -1289976286),
	(31, 26, 1652366208),
	(31, 27, -964073115),
	(31, 28, 1186117152),
	(31, 29, -1697897229),
	(31, 30, 1949486618),
	(31, 31, 820234637),
	(31, 32, -1224312107),
	(31, 33, 1201885442),
	(31, 34, -1715980306),
	(31, 35, -1207138919),
	(31, 36, 1936250461),
	(31, 37, -422896829),
	(31, 38, 99663844),
	(31, 39, 2086159514),
	(31, 40, 6652933),
	(31, 41, 1028816690),
	(31, 42, 1869152568),
	(31, 43, 1658395735),
	(31, 44, 38340917),
	(31, 45, 1956948912),
	(31, 46, -1705918388),
	(31, 47, -129306121),
	(31, 48, 2063998971),
	(31, 49, 789881979),
	(31, 50, -1101478782),
	(31, 51, 709589652),
	(31, 52, 1567713311),
	(31, 53, -419679705),
	(31, 54, -1174769553),
	(31, 55, 1848686064),
	(31, 56, 1786572179),
	(31, 57, -869646497),
	(31, 58, -719627959),
	(31, 59, 1066422710),
	(31, 60, -2012098461),
	(31, 61, -1325588708),
	(31, 62, -567538832),
	(31, 63, -1635294945),
	(31, 64, 579700441),
	(31, 65, -153917916),
	(31, 66, 461513263),
	(31, 67, 525108861),
	(31, 68, -1637326736),
	(31, 69, 890260790),
	(31, 70, 2034772495),
	(31, 71, -126867797),
	(31, 72, 1547055089),
	(31, 73, -1126778702),
	(31, 74, -1534454170),
	(31, 75, 49737167),
	(31, 76, -930172756),
	(31, 77, -2077793671),
	(31, 78, -1620266636),
	(31, 79, -463838992),
	(31, 80, 486178235),
	(31, 81, -2134552906),
	(31, 82, 1052209211),
	(31, 83, 567088262),
	(31, 84, -916171278),
	(31, 85, 2092907289),
	(31, 86, 1079208269),
	(31, 87, 1487019447),
	(31, 88, -1448435221),
	(31, 89, -1415450007),
	(31, 90, 400921583),
	(31, 91, -1656166942),
	(31, 92, 1303860656),
	(31, 93, -1638120301),
	(31, 94, -1779954578),
	(31, 95, -646911415),
	(31, 96, -779131734),
	(31, 97, -1995908369),
	(31, 98, -2093319168),
	(31, 99, 820513450),
	(31, 100, 52784611),
	(32, 1, 1743412986),
	(32, 2, -838183060),
	(32, 3, 102152361),
	(32, 4, 739834601),
	(32, 5, -258153564),
	(32, 6, -419679705),
	(32, 7, 1441899308),
	(32, 8, 908319452),
	(32, 9, 1201885442),
	(32, 10, 93364760),
	(32, 11, -1448435221),
	(32, 12, -918980932),
	(32, 13, 688955309),
	(32, 14, -2012098461),
	(32, 15, 1567713311),
	(32, 16, 1487019447),
	(32, 17, -1452931674),
	(32, 18, 2032077608),
	(32, 19, 352569357),
	(32, 20, -1294371653),
	(32, 21, 1285191191),
	(32, 22, -1425080459),
	(32, 23, 1562486999),
	(32, 24, 2021915678),
	(32, 25, -267421763),
	(32, 26, -1195633025),
	(32, 27, 2092907289),
	(32, 28, -422896829),
	(32, 29, -1572476361),
	(32, 30, -1529034483),
	(32, 31, 2027096816),
	(32, 32, 431288704),
	(32, 33, -520560358),
	(32, 34, -343121875),
	(32, 35, 1120900669),
	(32, 36, -960662538),
	(32, 37, 1066422710),
	(32, 38, 1330288477),
	(32, 39, -1155017512),
	(32, 40, -158510793),
	(32, 41, -2004006809),
	(32, 42, -1302509252),
	(32, 43, -1333900049),
	(32, 44, 1052209211),
	(32, 45, -2063472151),
	(32, 46, -448844725),
	(32, 47, -1906933234),
	(32, 48, 514472307),
	(32, 49, 1932149520),
	(32, 50, -1994033101),
	(32, 51, 2016143219),
	(32, 52, -126867797),
	(32, 53, -1964026642),
	(32, 54, 1299261807),
	(32, 55, 1928326215),
	(32, 56, 1445397388),
	(32, 57, -1995908369),
	(32, 58, 1786572179),
	(32, 59, -930172756),
	(32, 60, 1386919143),
	(32, 61, -623677247),
	(32, 62, -1662072492),
	(32, 63, 736213701),
	(32, 64, -1287597313),
	(32, 65, -129306121),
	(32, 66, 421940150),
	(32, 67, 233963484),
	(32, 68, 2034772495),
	(32, 69, 1249182551),
	(32, 70, 1468686875),
	(32, 71, -1566591481),
	(32, 72, 1038359484),
	(32, 73, -1126778702),
	(32, 74, 586776835),
	(32, 75, 495445825),
	(32, 76, 930071086),
	(32, 77, 1869152568),
	(32, 78, -342896818),
	(32, 79, -567538832),
	(32, 80, -192674589),
	(32, 81, 1404074959),
	(32, 82, -2008051109),
	(32, 83, -1188140602),
	(32, 84, 1916268702),
	(32, 85, 1254028658),
	(32, 86, 1959152124),
	(32, 87, 924574956),
	(32, 88, 2004262402),
	(32, 89, -486888911),
	(32, 90, 672448449),
	(32, 91, 378264122),
	(32, 92, -1797750064),
	(32, 93, -1224312107),
	(32, 94, 1627095088),
	(32, 95, 895665169),
	(32, 96, -880281732),
	(32, 97, -1588015640),
	(32, 98, -978612457),
	(32, 99, -490111612),
	(32, 100, -1861182510),
	(33, 1, 1743412986),
	(33, 2, -1207138919),
	(33, 3, 1880681428),
	(33, 4, 1531832269),
	(33, 5, 1578968774),
	(33, 6, -1425080459),
	(33, 7, -1224312107),
	(33, 8, -783717596),
	(33, 9, 739834601),
	(33, 10, -985027120),
	(33, 11, -1529034483),
	(33, 12, -258153564),
	(33, 13, 102152361),
	(33, 14, 1936250461),
	(33, 15, -448844725),
	(33, 16, 324268792),
	(33, 17, -1448435221),
	(33, 18, 1869152568),
	(33, 19, 1441899308),
	(33, 20, 93364760),
	(33, 21, -1207138919),
	(33, 22, -718656171),
	(33, 23, -918980932),
	(33, 24, -1768319341),
	(33, 25, -1452931674),
	(33, 26, 1330288477),
	(33, 27, 1778404139),
	(33, 28, -760248194),
	(33, 29, 2063998971),
	(33, 30, -838183060),
	(33, 31, -1779954578),
	(33, 32, -1804865674),
	(33, 33, 352569357),
	(33, 34, -1306937135),
	(33, 35, -1193409916),
	(33, 36, 1487019447),
	(33, 37, 1066422710),
	(33, 38, 1932149520),
	(33, 39, -343121875),
	(33, 40, 2016143219),
	(33, 41, 2021915678),
	(33, 42, 99663844),
	(33, 43, -2012098461),
	(33, 44, -595061655),
	(33, 45, 839339507),
	(33, 46, 503490205),
	(33, 47, -930172756),
	(33, 48, 1786572179),
	(33, 49, -126867797),
	(33, 50, 1201885442),
	(33, 51, 908319452),
	(33, 52, 140968809),
	(33, 53, 1116474345),
	(33, 54, 2034772495),
	(33, 55, 38340917),
	(33, 56, 1068730141),
	(33, 57, -486888911),
	(33, 58, 890260790),
	(33, 59, -381555643),
	(33, 60, -1963093071),
	(33, 61, 530389951),
	(33, 62, 2004262402),
	(33, 63, -1995908369),
	(33, 64, 461513263),
	(33, 65, 1052209211),
	(33, 66, -1388676615),
	(33, 67, -1850526152),
	(33, 68, 588461757),
	(33, 69, -1638120301),
	(33, 70, 1567713311),
	(33, 71, -1348450234),
	(33, 72, -1092675310),
	(33, 73, -1606885724),
	(33, 74, 1928326215),
	(33, 75, 735705061),
	(33, 76, 431288704),
	(33, 77, 1617870475),
	(33, 78, -2031724033),
	(33, 79, 1658395735),
	(33, 80, 1038359484),
	(33, 81, -1399231140),
	(33, 82, -463838992),
	(33, 83, -129306121),
	(33, 84, 672448449),
	(33, 85, -1299091978),
	(33, 86, -2134552906),
	(33, 87, -342896818),
	(33, 88, -973743770),
	(33, 89, 1404074959),
	(33, 90, -1945235070),
	(33, 91, 1706612917),
	(33, 92, -2093319168),
	(33, 93, -567538832),
	(33, 94, 579700441),
	(33, 95, 1494287800),
	(33, 96, -1861182510),
	(33, 97, -952767742),
	(33, 98, 2092907289),
	(33, 99, 350517203),
	(33, 100, -760195549),
	(34, 1, 1880681428),
	(34, 2, 530389951),
	(34, 3, -1207138919),
	(34, 4, 1743412986),
	(34, 5, -838183060),
	(34, 6, 739834601),
	(34, 7, -595061655),
	(34, 8, 324268792),
	(34, 9, 1778404139),
	(34, 10, 102152361),
	(34, 11, 1949486618),
	(34, 12, -952767742),
	(34, 13, 6652933),
	(34, 14, 1389007676),
	(34, 15, -1289976286),
	(34, 16, -258153564),
	(34, 17, 1343373316),
	(34, 18, -2120776005),
	(34, 19, 1068730141),
	(34, 20, -1452931674),
	(34, 21, 1706612917),
	(34, 22, -832927861),
	(34, 23, -1207138919),
	(34, 24, -520560358),
	(34, 25, 1748866091),
	(34, 26, -1972788819),
	(34, 27, -1425080459),
	(34, 28, 1652366208),
	(34, 29, 1518509634),
	(34, 30, -1529034483),
	(34, 31, 1956948912),
	(34, 32, 1201885442),
	(34, 33, 2065188034),
	(34, 34, 1186117152),
	(34, 35, -1697897229),
	(34, 36, 99663844),
	(34, 37, 820234637),
	(34, 38, 789881979),
	(34, 39, -419679705),
	(34, 40, -1224312107),
	(34, 41, -422896829),
	(34, 42, -1101478782),
	(34, 43, 1869152568),
	(34, 44, -1174769553),
	(34, 45, 1567713311),
	(34, 46, 1786572179),
	(34, 47, 1936250461),
	(34, 48, 846115040),
	(34, 49, 2086159514),
	(34, 50, -1325588708),
	(34, 51, 1028816690),
	(34, 52, -129306121),
	(34, 53, 1808657524),
	(34, 54, 1658395735),
	(34, 55, 38340917),
	(34, 56, 2063998971),
	(34, 57, -869646497),
	(34, 58, -783717596),
	(34, 59, 2034772495),
	(34, 60, -567538832),
	(34, 61, -1534454170),
	(34, 62, 1848686064),
	(34, 63, -126867797),
	(34, 64, 1066422710),
	(34, 65, 709589652),
	(34, 66, -2134552906),
	(34, 67, -2012098461),
	(34, 68, 579700441),
	(34, 69, -343121875),
	(34, 70, 135201511),
	(34, 71, -2012098461),
	(34, 72, -153917916),
	(34, 73, -719627959),
	(34, 74, 461513263),
	(34, 75, -821534400),
	(34, 76, 1079208269),
	(34, 77, 1547055089),
	(34, 78, -779131734),
	(34, 79, -813572315),
	(34, 80, 49737167),
	(34, 81, 486178235),
	(34, 82, 2016143219),
	(34, 83, -1717184438),
	(34, 84, 735705061),
	(34, 85, -1415450007),
	(34, 86, 1927804866),
	(34, 87, 567088262),
	(34, 88, -1637326736),
	(34, 89, 890260790),
	(34, 90, -930172756),
	(34, 91, 631595781),
	(34, 92, -1188140602),
	(34, 93, 2092907289),
	(34, 94, -1448435221),
	(34, 95, -452279391),
	(34, 96, 1303860656),
	(34, 97, -2077793671),
	(34, 98, 1487019447),
	(34, 99, 1578968774),
	(34, 100, 2002494),
	(35, 1, 1743412986),
	(35, 2, 102152361),
	(35, 3, -838183060),
	(35, 4, -1452931674),
	(35, 5, -258153564),
	(35, 6, 93364760),
	(35, 7, 1567713311),
	(35, 8, -918980932),
	(35, 9, -2012098461),
	(35, 10, 739834601),
	(35, 11, -1425080459),
	(35, 12, 1201885442),
	(35, 13, 908319452),
	(35, 14, -419679705),
	(35, 15, 1066422710),
	(35, 16, -1906933234),
	(35, 17, 2063998971),
	(35, 18, 1786572179),
	(35, 19, -985027120),
	(35, 20, -381555643),
	(35, 21, -1529034483),
	(35, 22, 688955309),
	(35, 23, 750656480),
	(35, 24, 677271393),
	(35, 25, 1285191191),
	(35, 26, 1869152568),
	(35, 27, -1287597313),
	(35, 28, -1333900049),
	(35, 29, 352569357),
	(35, 30, -422896829),
	(35, 31, -520560358),
	(35, 32, -1195633025),
	(35, 33, -2063472151),
	(35, 34, 1936250461),
	(35, 35, -1314136012),
	(35, 36, 1299261807),
	(35, 37, 1487019447),
	(35, 38, -1448435221),
	(35, 39, 1441899308),
	(35, 40, -930172756),
	(35, 41, -1224312107),
	(35, 42, -1207138919),
	(35, 43, -2008051109),
	(35, 44, -129306121),
	(35, 45, 1617870475),
	(35, 46, 1468686875),
	(35, 47, -343121875),
	(35, 48, 2092907289),
	(35, 49, -267421763),
	(35, 50, -1289976286),
	(35, 51, -1963093071),
	(35, 52, 1578968774),
	(35, 53, -1155017512),
	(35, 54, 1932149520),
	(35, 55, -1851134696),
	(35, 56, -1188140602),
	(35, 57, -1294371653),
	(35, 58, 2021915678),
	(35, 59, 514472307),
	(35, 60, -1302509252),
	(35, 61, 1330288477),
	(35, 62, -158510793),
	(35, 63, 1120900669),
	(35, 64, -69691327),
	(35, 65, 1562486999),
	(35, 66, 1052209211),
	(35, 67, 1404074959),
	(35, 68, 1142713745),
	(35, 69, 2027096816),
	(35, 70, 1928326215),
	(35, 71, 308290892),
	(35, 72, 486178235),
	(35, 73, 421940150),
	(35, 74, 1627095088),
	(35, 75, -1572476361),
	(35, 76, 1445397388),
	(35, 77, -126867797),
	(35, 78, -1566591481),
	(35, 79, 2032077608),
	(35, 80, 2004262402),
	(35, 81, -1638120301),
	(35, 82, 1572353722),
	(35, 83, 325557372),
	(35, 84, -821534400),
	(35, 85, -279025149),
	(35, 86, -978612457),
	(35, 87, 2034772495),
	(35, 88, -820036742),
	(35, 89, -567538832),
	(35, 90, -960662538),
	(35, 91, -1306937135),
	(35, 92, 495445825),
	(35, 93, 1658395735),
	(35, 94, -1779954578),
	(35, 95, -425386199),
	(35, 96, 431031626),
	(35, 97, -1945235070),
	(35, 98, -342896818),
	(35, 99, -1662072492),
	(35, 100, 930071086),
	(36, 1, 102152361),
	(36, 2, 1743412986),
	(36, 3, -838183060),
	(36, 4, -1452931674),
	(36, 5, 1567713311),
	(36, 6, -918980932),
	(36, 7, -419679705),
	(36, 8, -258153564),
	(36, 9, 739834601),
	(36, 10, 908319452),
	(36, 11, 93364760),
	(36, 12, 1285191191),
	(36, 13, 688955309),
	(36, 14, 1201885442),
	(36, 15, 1487019447),
	(36, 16, 1441899308),
	(36, 17, 750656480),
	(36, 18, -1425080459),
	(36, 19, -985027120),
	(36, 20, -2012098461),
	(36, 21, 1066422710),
	(36, 22, -1294371653),
	(36, 23, -422896829),
	(36, 24, -1448435221),
	(36, 25, -1529034483),
	(36, 26, -1195633025),
	(36, 27, -1333900049),
	(36, 28, -2008051109),
	(36, 29, 1786572179),
	(36, 30, -2063472151),
	(36, 31, 2021915678),
	(36, 32, -1287597313),
	(36, 33, 352569357),
	(36, 34, -69691327),
	(36, 35, -448844725),
	(36, 36, -520560358),
	(36, 37, -1155017512),
	(36, 38, 1932149520),
	(36, 39, -1224312107),
	(36, 40, 1562486999),
	(36, 41, -267421763),
	(36, 42, -2004006809),
	(36, 43, 1468686875),
	(36, 44, 2027096816),
	(36, 45, -567538832),
	(36, 46, -1906933234),
	(36, 47, -129306121),
	(36, 48, 421940150),
	(36, 49, 2092907289),
	(36, 50, -343121875),
	(36, 51, 1330288477),
	(36, 52, 1299261807),
	(36, 53, -960662538),
	(36, 54, -1851134696),
	(36, 55, 1928326215),
	(36, 56, 1052209211),
	(36, 57, -930172756),
	(36, 58, 2032077608),
	(36, 59, -1572476361),
	(36, 60, 1578968774),
	(36, 61, 1120900669),
	(36, 62, 1869152568),
	(36, 63, 2034772495),
	(36, 64, 930071086),
	(36, 65, -1314136012),
	(36, 66, 1142713745),
	(36, 67, 2063998971),
	(36, 68, -126867797),
	(36, 69, 1404074959),
	(36, 70, -820036742),
	(36, 71, -1662072492),
	(36, 72, -1945235070),
	(36, 73, 736213701),
	(36, 74, 1959152124),
	(36, 75, -342896818),
	(36, 76, 1445397388),
	(36, 77, 514472307),
	(36, 78, -1779954578),
	(36, 79, 1572353722),
	(36, 80, -1302509252),
	(36, 81, 495445825),
	(36, 82, -821534400),
	(36, 83, 1627095088),
	(36, 84, -1188140602),
	(36, 85, -978612457),
	(36, 86, 642247971),
	(36, 87, -623677247),
	(36, 88, -1964026642),
	(36, 89, -1994033101),
	(36, 90, 1936250461),
	(36, 91, -1861182510),
	(36, 92, -816150137),
	(36, 93, 924574956),
	(36, 94, 308290892),
	(36, 95, 2004262402),
	(36, 96, -1566591481),
	(36, 97, -1963093071),
	(36, 98, 431031626),
	(36, 99, -58990803),
	(36, 100, -381555643),
	(37, 1, 1743412986),
	(37, 2, 102152361),
	(37, 3, -838183060),
	(37, 4, -258153564),
	(37, 5, 739834601),
	(37, 6, -419679705),
	(37, 7, 2032077608),
	(37, 8, -1425080459),
	(37, 9, 93364760),
	(37, 10, 1441899308),
	(37, 11, 1786572179),
	(37, 12, 908319452),
	(37, 13, 2092907289),
	(37, 14, -918980932),
	(37, 15, 1201885442),
	(37, 16, 352569357),
	(37, 17, 1285191191),
	(37, 18, -2012098461),
	(37, 19, -1448435221),
	(37, 20, -520560358),
	(37, 21, -1964026642),
	(37, 22, -422896829),
	(37, 23, 1445397388),
	(37, 24, 1932149520),
	(37, 25, -1572476361),
	(37, 26, -2004006809),
	(37, 27, -1529034483),
	(37, 28, 2021915678),
	(37, 29, 1066422710),
	(37, 30, -1452931674),
	(37, 31, 1120900669),
	(37, 32, -1126778702),
	(37, 33, -1945235070),
	(37, 34, 688955309),
	(37, 35, 1562486999),
	(37, 36, 514472307),
	(37, 37, -126867797),
	(37, 38, -1294371653),
	(37, 39, -343121875),
	(37, 40, -158510793),
	(37, 41, -1195633025),
	(37, 42, 1487019447),
	(37, 43, -2063472151),
	(37, 44, 1928326215),
	(37, 45, -1566591481),
	(37, 46, -267421763),
	(37, 47, -129306121),
	(37, 48, -1302509252),
	(37, 49, -192674589),
	(37, 50, -1188140602),
	(37, 51, 600168311),
	(37, 52, -1155017512),
	(37, 53, 586776835),
	(37, 54, -1906933234),
	(37, 55, 431288704),
	(37, 56, 1468686875),
	(37, 57, -1287597313),
	(37, 58, 1038359484),
	(37, 59, -567538832),
	(37, 60, 495445825),
	(37, 61, 1404074959),
	(37, 62, 736213701),
	(37, 63, 2027096816),
	(37, 64, -1333900049),
	(37, 65, 1299261807),
	(37, 66, -930172756),
	(37, 67, -1779954578),
	(37, 68, -58990803),
	(37, 69, 1959152124),
	(37, 70, 289717752),
	(37, 71, -448844725),
	(37, 72, 924574956),
	(37, 73, 1572353722),
	(37, 74, -623677247),
	(37, 75, -880281732),
	(37, 76, 1052209211),
	(37, 77, 1916268702),
	(37, 78, 1627095088),
	(37, 79, 1115039329),
	(37, 80, -1436584384),
	(37, 81, 1116474345),
	(37, 82, 233963484),
	(37, 83, 944195531),
	(37, 84, 930071086),
	(37, 85, -1861182510),
	(37, 86, -1995908369),
	(37, 87, 1249182551),
	(37, 88, 2117836574),
	(37, 89, 1067944854),
	(37, 90, -1994033101),
	(37, 91, 1869152568),
	(37, 92, 2016143219),
	(37, 93, -1224312107),
	(37, 94, -490111612),
	(37, 95, 2004262402),
	(37, 96, -425386199),
	(37, 97, 421940150),
	(37, 98, -960662538),
	(37, 99, -1662072492),
	(37, 100, -301622479),
	(38, 1, -343121875),
	(38, 2, 1468686875),
	(38, 3, 495445825),
	(38, 4, -838183060),
	(38, 5, -1188140602),
	(38, 6, -1287597313),
	(38, 7, 688955309),
	(38, 8, 421940150),
	(38, 9, -233311800),
	(38, 10, 1037419078),
	(38, 11, 956479345),
	(38, 12, 2004262402),
	(38, 13, 234518502),
	(38, 14, 1085074335),
	(38, 15, 9521244),
	(38, 16, -1638120301),
	(38, 17, 736213701),
	(38, 18, -760195549),
	(38, 19, 1311662923),
	(38, 20, 355915737),
	(38, 21, 1193233),
	(38, 22, -80099928),
	(38, 23, 354188724),
	(38, 24, -1698125154),
	(38, 25, -978612457),
	(38, 26, -1882957304),
	(38, 27, 1835834383),
	(38, 28, -1906933234),
	(38, 29, -963511868),
	(38, 30, 150800731),
	(38, 31, -1236621102),
	(38, 32, -787471790),
	(38, 33, 514472307),
	(38, 34, 2017441647),
	(38, 35, 373608147),
	(38, 36, 234518502),
	(38, 37, -1416159980),
	(38, 38, -601122617),
	(38, 39, 1320717047),
	(38, 40, 316900436),
	(38, 41, 717750448),
	(38, 42, 1614914821),
	(38, 43, -931034888),
	(38, 44, 561529248),
	(38, 45, 1888706677),
	(38, 46, -970864567),
	(38, 47, 1415941251),
	(38, 48, -565135548),
	(38, 49, 706942301),
	(38, 50, 1181066542),
	(38, 51, 1551695930),
	(38, 52, -1967922553),
	(38, 53, 1758971108),
	(38, 54, -1633809841),
	(38, 55, -1878003257),
	(38, 56, 1906409322),
	(38, 57, -69691327),
	(38, 58, 1388378244),
	(38, 59, 677271393),
	(38, 60, -1720770626),
	(38, 61, -165488520),
	(38, 62, -499828381),
	(38, 63, -966127637),
	(38, 64, 2112374379),
	(38, 65, -718286203),
	(38, 66, 495445825),
	(38, 67, -1523118551),
	(38, 68, 2039282675),
	(38, 69, 292362515),
	(38, 70, 1096574461),
	(38, 71, 1428025034),
	(38, 72, -1114734929),
	(38, 73, 2016560949),
	(38, 74, 775392288),
	(38, 75, 237017598),
	(38, 76, 636308565),
	(38, 77, -1869167402),
	(38, 78, 212085866),
	(38, 79, 686104014),
	(38, 80, 2135717203),
	(38, 81, 1149332910),
	(38, 82, 1094912675),
	(38, 83, -1364229290),
	(38, 84, 890849569),
	(38, 85, 303302412),
	(38, 86, -1188318101),
	(38, 87, 1797771954),
	(38, 88, 457761715),
	(38, 89, 1953943820),
	(38, 90, -1363730195),
	(38, 91, 1852789538),
	(38, 92, -513481569),
	(38, 93, -959376750),
	(38, 94, 587019668),
	(38, 95, -485101006),
	(38, 96, -55761357),
	(38, 97, 1376828110),
	(38, 98, 333593913),
	(38, 99, -104093574),
	(38, 100, -1032969791),
	(39, 1, 2063998971),
	(39, 2, 1743412986),
	(39, 3, 102152361),
	(39, 4, 1763518830),
	(39, 5, -1452931674),
	(39, 6, -1207138919),
	(39, 7, -258153564),
	(39, 8, -838183060),
	(39, 9, 1201885442),
	(39, 10, -343121875),
	(39, 11, 93364760),
	(39, 12, -1529034483),
	(39, 13, 1786572179),
	(39, 14, -1425080459),
	(39, 15, 1562486999),
	(39, 16, 677271393),
	(39, 17, 1567713311),
	(39, 18, -2012098461),
	(39, 19, -129306121),
	(39, 20, -1314136012),
	(39, 21, -1906933234),
	(39, 22, 1066422710),
	(39, 23, -918980932),
	(39, 24, -930172756),
	(39, 25, -1294371653),
	(39, 26, 739834601),
	(39, 27, -422896829),
	(39, 28, 1869152568),
	(39, 29, -520560358),
	(39, 30, 688955309),
	(39, 31, -381555643),
	(39, 32, 1441899308),
	(39, 33, 131057508),
	(39, 34, 1936250461),
	(39, 35, 908319452),
	(39, 36, -1333900049),
	(39, 37, -1302509252),
	(39, 38, 1186117152),
	(39, 39, 1404074959),
	(39, 40, 631595781),
	(39, 41, -889558080),
	(39, 42, -338103458),
	(39, 43, -1448435221),
	(39, 44, 1627095088),
	(39, 45, 514472307),
	(39, 46, -1188140602),
	(39, 47, -1289976286),
	(39, 48, -419679705),
	(39, 49, 1285191191),
	(39, 50, -2063472151),
	(39, 51, -1224312107),
	(39, 52, -279025149),
	(39, 53, 2092907289),
	(39, 54, 2097174068),
	(39, 55, -1287597313),
	(39, 56, -960662538),
	(39, 57, -1195633025),
	(39, 58, 1052209211),
	(39, 59, 1120900669),
	(39, 60, 234518502),
	(39, 61, 1928326215),
	(39, 62, 352569357),
	(39, 63, -342896818),
	(39, 64, -126867797),
	(39, 65, 486178235),
	(39, 66, 1487019447),
	(39, 67, 150800731),
	(39, 68, 1885700302),
	(39, 69, -748555387),
	(39, 70, 1343373316),
	(39, 71, 1572353722),
	(39, 72, 1178222199),
	(39, 73, 2027096816),
	(39, 74, -567538832),
	(39, 75, -1378933631),
	(39, 76, 1051330664),
	(39, 77, -1306937135),
	(39, 78, -425386199),
	(39, 79, -445073737),
	(39, 80, 1303860656),
	(39, 81, 2021915678),
	(39, 82, -1168496294),
	(39, 83, -427885423),
	(39, 84, -820036742),
	(39, 85, 586776835),
	(39, 86, 567088262),
	(39, 87, 851226249),
	(39, 88, 1483781586),
	(39, 89, -2008051109),
	(39, 90, 431074704),
	(39, 91, -702188794),
	(39, 92, -192674589),
	(39, 93, 380818817),
	(39, 94, -158510793),
	(39, 95, -267421763),
	(39, 96, -69691327),
	(39, 97, 2016143219),
	(39, 98, -448250667),
	(39, 99, -1945235070),
	(39, 100, 38340917);
/*!40000 ALTER TABLE `positie` ENABLE KEYS */;


-- Structuur van  tabel oefen.song wordt geschreven
CREATE TABLE IF NOT EXISTS `song` (
  `ID` int(11) NOT NULL,
  `Artiest_groep` int(11) NOT NULL,
  `Titlel` varchar(50) NOT NULL,
  `Jaar` varchar(50) DEFAULT NULL,
  PRIMARY KEY (`ID`)
) ENGINE=InnoDB DEFAULT CHARSET=latin1;

-- Dumpen data van tabel oefen.song: ~756 rows (ongeveer)
DELETE FROM `song`;
/*!40000 ALTER TABLE `song` DISABLE KEYS */;
INSERT INTO `song` (`ID`, `Artiest_groep`, `Titlel`, `Jaar`) VALUES
	(-2134552906, -416975414, 'I Don\'t Wanna Miss A Thing', '1998'),
	(-2134165361, -2045884541, 'Dynamite', '1974'),
	(-2129316946, 1193208843, 'Get Ready', '1970'),
	(-2127362432, -192711247, 'Locomotive Breath', '1972'),
	(-2122347495, 535831157, 'Fu-Gee-La', '1996'),
	(-2120776005, -1330843032, 'Aan De Kust (Live)', '1998'),
	(-2093319168, 575126775, 'Beautiful Day', '2000'),
	(-2088211294, -1020756058, 'Wonderwall', '1995'),
	(-2085600545, -227070463, 'Time Seller', '1967'),
	(-2077793671, -89118563, 'Unfinished Sympathy', '1991'),
	(-2063472151, 2051381435, 'Halo Of Flies', '1973'),
	(-2055445745, 327464571, 'Magnificent Seven', '1981'),
	(-2048615496, 1400483897, 'Ann', '1966'),
	(-2031724033, -401115532, 'Knockin\' On Heaven\'s Door', ''),
	(-2029208909, 514795512, 'Mr. Pleasant', '1967'),
	(-2025367029, 351100844, 'Three Times A Lady', '1978'),
	(-2015378985, -2084417397, 'Nightporter', '1980'),
	(-2012098461, 217723387, 'Music', '1976'),
	(-2008051109, 575126775, 'Bad', '1984'),
	(-2004006809, -649347930, 'Bright Eyes', '1979'),
	(-1999422497, -1689745391, 'Glad All Over', '1964'),
	(-1995908369, 1890619323, '99 Luftballons', '1983'),
	(-1994033101, -1840895747, 'Waiting For A Girl Like You', '1982'),
	(-1992951843, -2053921484, 'Lonesome Tree', '1970'),
	(-1982483570, -667417962, 'Living Next Door To Alice', '1977'),
	(-1972788819, -1721246404, 'Niet Of Nooit Geweest', '1998'),
	(-1967922553, 685783477, 'Apache', '1960'),
	(-1964026642, -2106704187, 'Sailing', '1981'),
	(-1963093071, -452266073, 'Belfast Child', '1989'),
	(-1945235070, -1651497422, 'Mr. Blue Sky', '1978'),
	(-1917964456, -102436895, 'Wild Thing', '1966'),
	(-1916551938, 1974504049, 'Dancing Queen', '1976'),
	(-1915281816, 1522770076, 'I\'Ve Gotta Get A Message To', '1968'),
	(-1906933234, -1324770548, 'Riders On The Storm', '1971'),
	(-1900874307, 1053979118, 'King Midas In Reverse', '1967'),
	(-1882957304, 23949240, 'Rain And Tears', '1968'),
	(-1879086068, 575126775, 'New Year\'s Day', '1983'),
	(-1878003257, -1083615753, 'Oh Well Part One', '1969'),
	(-1876781528, 573990631, 'Lovely Rita', '1967'),
	(-1875784788, 1784726053, 'One Step Beyond', '1979'),
	(-1869167402, -1205214478, 'Me And Bobby Mcgee', '1971'),
	(-1867223897, 1974504049, 'Fernando', '1976'),
	(-1864168972, 244516989, 'Come As You Are', '1991'),
	(-1861182510, 1960411792, 'Love Is A Battlefield', '1984'),
	(-1854023875, -904616370, 'Dust In The Wind', '1978'),
	(-1851873367, -416975414, 'Dream On', '1973'),
	(-1851134696, 1612021654, 'Layla', '1971'),
	(-1850526152, 788382665, 'Another 45 Miles (Live)', ''),
	(-1845967331, 575126775, 'One', '1992'),
	(-1834723702, 1662686343, 'Shout', '1984'),
	(-1826501930, 1522770076, 'Night Fever', '1978'),
	(-1823625227, 113800202, 'One Of Us', '1995'),
	(-1804865674, 41000947, 'Girl', ''),
	(-1797750064, -1752859288, 'Don\'t Give Up', '1986'),
	(-1790911576, 1104317927, 'Mull Of Kintyre', '1977'),
	(-1779954578, 1563590470, 'Down Under', '1982'),
	(-1776999597, 921129759, 'Deep Water', '1969'),
	(-1775318506, 1146671861, 'You Ain\'t Seen Nothing Yet', '1974'),
	(-1768319341, -764305344, 'Livin\' On A Prayer', ''),
	(-1764129056, 1367411891, 'Europe', '1978'),
	(-1748673257, 2016477344, 'Hot Stuff', '1976'),
	(-1744455766, -610922400, 'A Friend Of Mine', '1973'),
	(-1736272215, 1031400720, 'Land Of Confusion', '1986'),
	(-1734912888, -686148219, 'I\'ll Be Over You', '1986'),
	(-1733042213, -1651497422, 'Turn To Stone', '1977'),
	(-1723936433, -61650428, 'Our House', '1970'),
	(-1720770626, -652305711, 'Yours Is No Disgrace', '1971'),
	(-1717184438, 703917318, 'The Streets Of Philadelphia', '1993'),
	(-1715980306, -577697417, 'How You Remind Me', '2001'),
	(-1705918388, 1571677223, 'In The End', '2001'),
	(-1699110024, 514795512, 'Waterloo Sunset', '1967'),
	(-1698125154, -1083615753, 'Need Your Love So Bad', '1968'),
	(-1697897229, 96600150, 'Iris', '1998'),
	(-1691542802, 869493020, 'Sharp Dressed Man', '1985'),
	(-1689908325, 1522770076, 'World', '1968'),
	(-1687211991, -1034827251, 'Papa Was A Rolling Stone', '1972'),
	(-1666200575, 575126775, 'I Still Haven\'t Found What I\'m Looking For', '1987'),
	(-1662072492, 438915924, 'Big Log', '1983'),
	(-1656166942, 1364408584, 'All I Need', '1998'),
	(-1652069304, -1931196078, 'Immigrant Song', '1970'),
	(-1650552576, -785555505, 'Friday On My Mind', '1966'),
	(-1638120301, 2016477344, 'Paint It Black', '1966'),
	(-1637326736, -452266073, 'Alive And Kicking', '1985'),
	(-1635294945, -603589471, 'Can You Handle Me', '2000'),
	(-1634630406, 1376842404, 'Peggy Sue', '1957'),
	(-1633809841, -1507315126, 'Love Like A Man (Live)', '1970'),
	(-1633352378, -61650428, 'Ohio', '1970'),
	(-1620266636, -2113676125, 'I Alone', '1994'),
	(-1606885724, 1627969183, 'Another Day In Paradise', '1984'),
	(-1592739785, 1784726053, 'Nightboat To Cairo', '1980'),
	(-1588183996, 108561666, 'Smoorverliefd', '1981'),
	(-1588015640, -610283353, 'Let\'s Dance', '1983'),
	(-1587602486, -1425085117, 'Right Here Waiting', '1989'),
	(-1572515786, 435814320, 'Sorry Seems T/B The Hardest', '1976'),
	(-1572476361, -930050532, 'Careless Whisper', '1984'),
	(-1566591481, 1309289008, 'Dreadlock Holiday', '1978'),
	(-1566303734, -446377665, 'Green, Green Grass Of Home', '1966'),
	(-1557052762, -1309200378, 'Somebody To Love', '1976'),
	(-1534454170, 554859962, 'Gangsta\'s Paradise', '1995'),
	(-1531095747, 1795541901, 'Killer', ''),
	(-1529034483, -686148219, 'Africa', '1982'),
	(-1528511057, 788382665, 'I\'Ve Just Lost Somebody', '1968'),
	(-1526854638, 115423234, 'Little Man', '1966'),
	(-1523118551, 1739512254, 'My Sweet Lord', '1970'),
	(-1490460374, 199058876, 'Ma Belle Amie', '1969'),
	(-1487583218, 1367411891, 'Jingo-Lo-Ba', '1969'),
	(-1485495541, -1083615753, 'Everywhere', '1987'),
	(-1466752546, -1465249295, 'One Night', '1959'),
	(-1466090510, 997679636, 'Crimson And Clover', '1969'),
	(-1452931674, 104182935, 'Kayleigh', '1985'),
	(-1448435221, -870280204, 'Another Brick In The Wall', '1979'),
	(-1442908789, 998411072, 'Can\'t Stand Losing You', '1979'),
	(-1441493535, 767053918, 'Road To Nowhere', '1985'),
	(-1436584384, -1142401074, 'Avalon', '1982'),
	(-1434670210, 1081247361, 'Kiss And Say Goodbye', '1976'),
	(-1431426607, -652305711, 'Roundabout', '1972'),
	(-1425080459, 788382665, 'Radar Love', '1973'),
	(-1416159980, -684544022, 'Get Down And Get With It', '1971'),
	(-1415450007, 1334577161, 'Enjoy The Silence', '1990'),
	(-1407313061, -817755112, 'Mississippi', '1975'),
	(-1399231140, -852239648, 'Forever Young', ''),
	(-1396872568, 2051381435, 'Halo Of Flies', '1971'),
	(-1388676615, 575126775, 'Where The Streets Have No Name', '1987'),
	(-1387903018, 227750016, 'Do Wah Diddy Diddy', '1964'),
	(-1378933631, -163269365, 'Chestnut Mare', '1970'),
	(-1364229290, -2114565752, 'Gloria', '1967'),
	(-1363730195, -638308453, 'Honey', '1968'),
	(-1348450234, 1240019075, 'Take On Me', '1985'),
	(-1348132571, -1651497422, 'Can\'t Get It Out Of My Head', '1975'),
	(-1346496843, 1940511710, 'All Of My Heart', '1982'),
	(-1340791972, 1974504049, 'S.O.S.', '1975'),
	(-1333900049, -895927624, 'Oerend Hard', '1977'),
	(-1328780459, 992397965, 'Blackberry Way', '1968'),
	(-1325588708, 833576578, 'Frozen', '1998'),
	(-1321971076, 998411072, 'So Lonely', '1979'),
	(-1320588488, -657243780, 'Purple Haze', '1967'),
	(-1314136012, -1675388235, 'She Sells Sanctuary', '1986'),
	(-1306937135, 788382665, 'When The Lady Smiles', '1983'),
	(-1302509252, 1309289008, 'I\'M Not In Love', '1975'),
	(-1299091978, -686148219, 'Stop Loving You', ''),
	(-1294371653, 1366028028, 'Keep On Loving You', '1981'),
	(-1294334691, 2016477344, 'Let\'s Spend The Night Togeth', '1967'),
	(-1291454202, 1612050607, 'Wishing Well', '1973'),
	(-1289976286, -401115532, 'Patience', '1989'),
	(-1287597313, -1922036893, 'Paranoid', '1970'),
	(-1274580276, 912646957, 'Forbidden Colours', '1987'),
	(-1265246407, -1108836583, 'White Room', '1968'),
	(-1259340603, -1020756058, 'Whatever', '1995'),
	(-1259045173, 2021736726, 'Rainbow Valley', '1968'),
	(-1254734521, -452266073, 'Let There Be Love', '1991'),
	(-1236621102, 573990631, 'All You Need Is Love', '1967'),
	(-1231853491, 430712338, 'Lying All The Time', '1966'),
	(-1224312107, 1627969183, 'In The Air Tonight', '1981'),
	(-1207138919, -1832268060, 'One', '1988'),
	(-1197097068, -1383788118, 'Baker Street', '1978'),
	(-1195633025, -1025821717, 'A Forest', '1976'),
	(-1193409916, -1825551673, 'Everybody Hurts', ''),
	(-1188318101, 1055112943, 'Who\'ll Stop The Rain', '1970'),
	(-1188140602, 2016477344, 'Satisfaction', '1965'),
	(-1186178837, 573990631, 'Ballad Of John & Yoko', '1969'),
	(-1174769553, -300430893, 'I\'ll Be Missing You', '1997'),
	(-1171594671, -1296941165, 'While You See A Change', '1981'),
	(-1170677459, -851547330, 'Lonely Boy', '1959'),
	(-1168496294, -1122183888, 'Moonlight Shadow', '1983'),
	(-1163761920, 2016477344, 'Come On', '1964'),
	(-1163218626, 130726656, 'Vincent', '1972'),
	(-1161810094, -268283762, 'True Story', '1966'),
	(-1155017512, 575126775, 'The Unforgettable Fire', '1985'),
	(-1147163871, -989019880, 'Guitar Man', '1972'),
	(-1145954649, -852239648, 'Big In Japan', '1984'),
	(-1144621383, -516134693, 'Twelve-Thirty', '1967'),
	(-1126778702, 1250924850, 'Eye Of The Tiger', '1982'),
	(-1120670454, 1013652535, 'Speed Of Sound', ''),
	(-1115877846, -1276897926, 'Return To Fantasy', '1975'),
	(-1115106938, -2050758282, 'These Boots Are Made For Wal', '1966'),
	(-1114734929, -655705941, 'My Generation', '1965'),
	(-1110276943, -2027109116, 'Take It Or Leave It', '1966'),
	(-1106888995, -545851577, 'Voodoo Chile', '1970'),
	(-1101478782, -197100644, 'Alive', '1992'),
	(-1092675310, -1309200378, 'We Will Rock You', ''),
	(-1053064632, 1031400720, 'Follow You, Follow Me', '1978'),
	(-1049518099, 833576578, 'Hung Up', ''),
	(-1048289400, 733229466, 'I\'d Do Anything For Love', '1993'),
	(-1033540530, -391417133, 'Black Is Black', '1966'),
	(-1032969791, -2111770804, 'Salty Dog', '1969'),
	(-1029150313, 1193779915, 'We Belong To The Night', '1979'),
	(-1024558559, 495888027, 'Every Rose Has Its Thorn', '1988'),
	(-1015352858, -1829197801, 'Down Down', '1975'),
	(-1012866963, 189811938, 'Heart Of Gold', '1972'),
	(-998193551, 1298861009, 'Little Green Bag', '1969'),
	(-994915245, -516134693, 'Monday Monday', '1966'),
	(-994692908, -1922003322, 'Cocaine', '1976'),
	(-994124825, 146341054, 'Groovin\'', '1967'),
	(-987874978, 2045625749, 'Dreamer', '1974'),
	(-985027120, -244772187, 'Brothers In Arms', '1985'),
	(-978612457, -769316494, 'Give Up Your Guns', '1972'),
	(-975294052, 156541539, 'Sledgehammer', '1986'),
	(-973743770, 1886071954, 'Still Got The Blues', ''),
	(-970864567, 1522770076, 'Massachusetts', '1967'),
	(-970367123, 1487366989, 'I Want You To Want Me', '1979'),
	(-966127637, 1972151239, 'Lady D\'Arbanville', '1970'),
	(-964708858, 303368842, 'Le Freak', '1978'),
	(-964073115, -2113676125, 'Overcome', '2001'),
	(-963511868, 788382665, 'Just A Little Peace Im Heart', '1968'),
	(-960662538, 2051381435, 'How You Gonna See Me Now', '1979'),
	(-959376750, -655705941, 'Substitute', '1966'),
	(-959036172, 1522770076, 'Stayin\' Alive', '1978'),
	(-956414354, -1131813176, 'We Love The Pirat Stations', '1974'),
	(-954855221, -734839080, 'Blowin\' In The Wind', '1966'),
	(-953486310, 2016477344, 'Miss You', '1978'),
	(-952767742, -817989901, 'Don\'t Speak', '1995'),
	(-946298387, -2141884017, 'Can You Feel It', '1981'),
	(-943319301, 1046970408, 'Lazy Sunday', '1968'),
	(-940976480, 471212781, 't Is Weer Voorbij Die Zomer', '1973'),
	(-931034888, 1055112943, 'I Heard It Through Grapevine', '1970'),
	(-930172756, 506175544, 'Jump', '1984'),
	(-923102444, 2051381435, 'School\'s Out', '1972'),
	(-921900892, -1083615753, 'Albatross', '1969'),
	(-920563367, -1309200378, 'Killer Queen', '1974'),
	(-920292445, -1711447613, 'Unchain My Heart', '1987'),
	(-918980932, 2045625749, 'School', '1974'),
	(-916171278, -2029565386, 'Let Me Entertain You', '1997'),
	(-903386208, -1000376876, 'Have A Little Faith In Me', '1989'),
	(-901230270, 250820858, 'Why Tell Me Why', '1981'),
	(-899378823, 1234623882, 'Macarthur Park', '1968'),
	(-889558080, -587732275, 'I Love Rock \'N\' Roll', '1982'),
	(-880281732, -452266073, 'Promised You A Miracle', '1982'),
	(-869646497, -837241314, 'Foolish Games', '1997'),
	(-844731629, -1559947503, 'Na Na Na', '1967'),
	(-839779128, 435814320, 'Candle In The Wind', '1973'),
	(-838183060, 768708899, 'Child In Time', '1971'),
	(-838041630, -1361802437, 'Drops Of Jupiter', ''),
	(-832927861, -2029565386, 'She\'s The One', '1998'),
	(-828192667, -603589471, 'Rain Down On Me', ''),
	(-827321211, -684544022, 'Look Wot You Dun', '1972'),
	(-827199920, 1972151239, 'Morning Has Broken', '1972'),
	(-821534400, 252403530, 'Wonderful Tonight', '1988'),
	(-820036742, 768708899, 'Smoke On The Water', '1973'),
	(-816150137, 2045625749, 'Give A Little Bit', '1977'),
	(-813572315, 1180924140, 'I\'M Outta Love', '2000'),
	(-812300889, 573990631, 'Hello Goodbye', '1967'),
	(-811394718, -681442901, 'Young Girl', '1968'),
	(-807740475, 445542901, 'Crazy Horses', '1972'),
	(-795054472, 1842428322, 'Sailing', '1975'),
	(-787471790, 1055112943, 'Up Around The Bend', '1970'),
	(-785691911, -751609904, 'Always On The Run', '1991'),
	(-783717596, -2029565386, 'Angels', '1997'),
	(-779833206, -1054053040, 'Long And Lonesome Road', '1969'),
	(-779131734, -2136057539, '\'74-\'75', '1995'),
	(-760248194, -244772187, 'Private Investigation', '1982'),
	(-760195549, 573990631, 'Let It Be', '1970'),
	(-748555387, 762489520, 'Fox On The Run', '1975'),
	(-746460042, -1410846369, 'Theme From "Mahogany"', '1976'),
	(-736376340, 78971844, 'Hey Joe Mckenzie', '1973'),
	(-721656257, 2051381435, 'Poison', '1989'),
	(-719627959, 220366945, 'You Get What You Give', '1998'),
	(-718656171, -2029565386, 'Feel', '2002'),
	(-718286203, 2060277648, 'Eve Of Destruction', '1965'),
	(-718026856, 928347913, 'Disarm', '1993'),
	(-710430996, -1311911580, 'Oh Happy Day', '1969'),
	(-705999053, -350151227, 'Saved By The Bell', '1969'),
	(-702188794, -1103878449, 'Babe', '1979'),
	(-700700455, -655705941, 'Happy Jack', '1966'),
	(-697843388, -1309200378, 'Tie Your Mother Down', '1977'),
	(-692219965, -424050375, 'The Way It Is', '1986'),
	(-681434121, -667417962, 'Needles And Pins', '1977'),
	(-679468845, -1122183888, 'Shadow On The Wall', '1983'),
	(-660767036, -655705941, 'Pictures Of Lilly', '1967'),
	(-657810537, -1607996025, 'Peter Gunn (Live)', '1979'),
	(-646911415, -1239858562, 'Hanging By A Moment', '2000'),
	(-639728758, 433280076, 'Don\'t Look Back', '1978'),
	(-637137324, -1020756058, 'Don\'t Look Back In Anger', '1995'),
	(-623677247, -581871372, 'Tinseltown In The Rain', '1984'),
	(-611597805, -113005218, 'A Little Less Conversation', ''),
	(-601122617, 406229094, 'San Francisco', '1967'),
	(-595061655, -1416427618, 'Under The Bridge', '1992'),
	(-591883499, 1250924850, 'Burning Heart', '1986'),
	(-586556625, -1309200378, 'The Show Must Go On', ''),
	(-584895933, 1719673517, 'Narcotic', '1998'),
	(-582396260, -1276897926, 'Gypsy', '1970'),
	(-580565409, 573990631, 'Penny Lane', '1967'),
	(-578173730, -18736803, 'Jimmy', '1973'),
	(-567538832, 998411072, 'Every Breath You Take', '1983'),
	(-565135548, 1402835964, 'Lea', '1968'),
	(-561429070, -52728532, 'Everybody\'s Changing', ''),
	(-547629108, -562150732, 'Chasing Cars', ''),
	(-546962030, 788382665, 'Sound Of The Screaming Day', '1967'),
	(-541652185, -1725996728, 'Is She Really Going Out With Him (Live)', '1988'),
	(-522010012, 619401105, 'Lessons In Love', '1986'),
	(-520560358, 575126775, 'Pride (In The Name Of Love)', '1984'),
	(-515294329, -693187772, 'Isn\'t It Time', '1977'),
	(-513481569, 227750016, 'Ha Ha Said The Clown', '1967'),
	(-505124198, 1215598463, 'Bad Case Of Loving You', '1979'),
	(-499828381, -1256775321, 'Hair', '1968'),
	(-490111612, -286993727, 'Belgie', '1982'),
	(-486888911, 1650079253, 'Thriller', '1983'),
	(-485101006, 2016477344, 'We Love You', '1967'),
	(-478324441, 1094304007, 'Boulevard De La Madeleine', '1968'),
	(-472423160, 1328845250, 'From The Underworld', '1967'),
	(-468008772, -686148219, '99', '1980'),
	(-463838992, 1650079253, 'Billie Jean', '1983'),
	(-462005023, 2071882293, 'O Superman', '1981'),
	(-460025221, 1776178174, 'El Condor Pasa', '1970'),
	(-456738636, 573990631, 'Strawberry Fields Forever', '1967'),
	(-455077643, -1309200378, 'We Are The Champions', '1977'),
	(-454259663, -1083615753, 'Little Lies', '1987'),
	(-452279391, -1863579724, 'Thank You', '2000'),
	(-448844725, -42127642, 'Over De Muur', '1984'),
	(-448250667, -1083615753, 'Don\'t Stop', '1977'),
	(-447712660, 2101861320, 'I\'d Rather Go Blind', '1969'),
	(-445073737, -1842101899, 'Whole Of The Moon', '1985'),
	(-427885423, 1078280073, 'Walk On The Wild Side', '1973'),
	(-426875522, -1741456544, 'Shout', '1974'),
	(-425386199, 435814320, 'Nikita', '1985'),
	(-422896829, 433280076, 'More Than A Feeling', '1976'),
	(-419679705, -244772187, 'Private Investigations', '1982'),
	(-410909803, 619401105, 'Love Games', '1981'),
	(-410828857, 1651809830, 'Two Tribes', '1984'),
	(-391614127, 130726656, 'American Pie', '1972'),
	(-381555643, -401115532, 'Paradise City', '1989'),
	(-374985936, -41538071, 'Kiss You All Over', '1978'),
	(-365078650, 961291484, 'All Night Long (All Night)', '1983'),
	(-354509853, 833576578, 'Music', '2000'),
	(-343121875, 573990631, 'Hey Jude', '1968'),
	(-342896818, 1048715505, 'Such A Shame', '1984'),
	(-338103458, -699503055, 'Drive', '1984'),
	(-333512708, 1657045102, 'Time Is Tight', '1969'),
	(-322929512, -516134693, 'Safe In My Garden', '1968'),
	(-311646791, 939861353, 'Superstar', '1969'),
	(-301622479, 384571408, 'Don\'t Go', '1982'),
	(-300103238, 1842428322, 'Handbags & Gladrags', '1969'),
	(-291678491, 1522770076, 'To Love Somebody', '1967'),
	(-290147614, 56281817, 'What Is A Man', '1969'),
	(-281915919, 2039016868, 'Creep', '1992'),
	(-279025149, -686148219, 'Hold The Line', '1978'),
	(-267421763, -1840895747, 'I Wanna Know What Love Is', '1984'),
	(-258153564, 329970648, 'Hotel California', '1976'),
	(-240524139, -745193175, 'Drinking On My Bed', '1968'),
	(-238665999, 663022315, 'You\'Re Still The One', '1998'),
	(-233311800, -1054053040, 'Venus', '1969'),
	(-192674589, -610283353, 'Heroes', '1977'),
	(-182887467, 329970648, 'One Of These Nights', '1975'),
	(-171478143, 1190988061, 'Sylvia\'s Mother', '1972'),
	(-165488520, -903811847, 'Storm And Thunder', '1971'),
	(-158510793, 504104084, 'Love Hurts', '1974'),
	(-153917916, -489486865, 'Kiss From A Rose', '1994'),
	(-151420357, -676365007, 'Je Veux De L\'Amour', '1980'),
	(-147357504, -2111770804, 'Homburg', '1967'),
	(-129306121, 2075009058, 'Imagine', '1971'),
	(-126867797, 788382665, 'Twilight Zone', '1982'),
	(-126330594, -1965229465, 'Rock Your Baby', '1974'),
	(-125701514, 1350284528, 'Superstar', '1971'),
	(-124815486, 1182083107, 'Dance To The Music', '1968'),
	(-104093574, -657243780, 'All Along The Watchtower', '1968'),
	(-99742151, 303312409, 'Hello Josephine', '1965'),
	(-80099928, -1711447613, 'With A Little Help From My Friends', '1968'),
	(-76610493, -1054053040, 'Never Marry A Railroad Man', '1970'),
	(-69691327, 259667468, 'Born To Be Wild', '1968'),
	(-66519278, 1402835964, 'Why', '1969'),
	(-58990803, 1974504049, 'The Winner Takes It All', '1980'),
	(-55761357, 1055112943, 'Hey Tonight', '1971'),
	(-53232544, 2066867830, 'Turn Of A Friendly Card', '1980'),
	(-46454924, 853020024, 'Wind Of Change', '1991'),
	(-42142796, 1988106722, 'Black Velvet', '1992'),
	(-40855549, 2051381435, 'Elected', '1972'),
	(-26716262, -135576096, 'Blue Monday', '1983'),
	(-23684229, 469368533, 'Expecting To Fly', '1971'),
	(-22654154, 1747601206, 'Out Of Time', '1966'),
	(-21455289, -1964439425, 'Pied Piper', '1966'),
	(1193233, 573990631, 'Get Back', '1969'),
	(1574856, 1739512254, 'Bangla Desh', '1971'),
	(2002494, -1279704241, 'Bitch', '1997'),
	(4537434, 300227079, 'Highway To Hell', '1979'),
	(6652933, 41000947, 'Sacrifice', '1998'),
	(9306858, -848788870, 'You\'veGot Your Troubles', '1965'),
	(9521244, 573990631, 'Help', '1965'),
	(10096498, -1083615753, 'Dreams', '1977'),
	(12559290, -903811847, 'Memories', '1972'),
	(23928794, -2052846374, 'Proud Mary', '1971'),
	(26900795, 762489520, 'The Ballroom Blitz', '1973'),
	(36990480, 788382665, 'Weekend Love', '1979'),
	(38340917, -1825551673, 'Losing My Religion', '1991'),
	(46581517, 2045625749, 'The Logical Song', ''),
	(49737167, -751609904, 'It Ain\'t Over \'Til It\'s Over', '1991'),
	(52784611, -2120574607, 'Porcelain', '1999'),
	(53190562, 464480845, 'Rockin\' Billy', '1961'),
	(58020014, -163269365, 'Eight Miles High', '1966'),
	(80515507, 1842428322, 'Maggie May', '1971'),
	(92702102, -842508195, 'Conquistador (Live)', '1972'),
	(93364760, 300227079, 'Whole Lotta Rosie', '1978'),
	(96913574, 1400950738, 'Do You Really Want To Hurt M', '1982'),
	(97772441, 1055112943, 'I Put A Spell On You', '1968'),
	(99663844, 1248044820, 'Jeanny', '1986'),
	(101898602, -1717293499, 'Woman', '1981'),
	(102152361, -1931196078, 'Stairway To Heaven', '1972'),
	(115308739, -1931196078, 'Black Dog', '1972'),
	(117684996, 560423206, 'You Keep Me Hangin\' On', '1967'),
	(117786945, -1142401074, 'Love Is The Drug', '1976'),
	(119330352, 1297010022, 'Painter Man', '1966'),
	(122243551, 1149354263, 'Listen To The Music', '1972'),
	(124826992, -2027109116, 'Needles And Pins', '1964'),
	(127480216, -2052401597, 'If You Leave Me Now', '1976'),
	(129394991, 1402835964, 'Be My Day', '1974'),
	(131057508, -751609904, 'Let Love Rule', '1989'),
	(135201511, 1440882259, 'I\'M Not So Tough', '1998'),
	(140968809, 36703305, 'Holiday In Spain', '2004'),
	(150800731, 2016477344, 'Brown Sugar', '1971'),
	(157039698, -1825551673, 'Man On The Moon', '1992'),
	(160090354, -470751646, 'Paper Sun', '1967'),
	(161815963, -1158907220, 'Walk This Way', '1986'),
	(207182367, -2114565752, 'How Long Baby?', '1966'),
	(212085866, -234207170, 'Good Vibrations', '1966'),
	(214051067, -1873959275, 'The 5Th', '1969'),
	(216712847, 961291484, 'Hello', '1984'),
	(225605085, 913044686, 'Sebastian', '1973'),
	(231896085, -56600955, 'Way Of Life', '1969'),
	(233963484, -1725996728, 'Real Men', '1982'),
	(234518502, 1055112943, 'Proud Mary', '1969'),
	(235848528, 573990631, 'Fool On The Hill', '1967'),
	(237017598, 573990631, 'Hard Day\'s Night', '1964'),
	(238523547, 252403530, 'Tears In Heaven', ''),
	(259372239, 619401105, 'Hot Water', '1984'),
	(267587785, 850550706, 'Ben', '1972'),
	(286121791, 734752804, 'Get Up/I Feel Like A Sexmac', '1970'),
	(289717752, -323664070, 'Cambodia', '1981'),
	(292362515, 1222188814, 'America', '1968'),
	(293049772, -913747119, 'Because The Night', '1978'),
	(303302412, 2016477344, 'Jumpin\' Jack Flash', '1968'),
	(304707326, -870280204, 'Shine On You Crazy Diamond', ''),
	(308290892, 276893199, 'Run To You', '1985'),
	(316900436, 1766132336, 'White Rabbit/Somebody To Lov', '1970'),
	(317675752, 836441690, 'Breathe', '1996'),
	(324268792, -1832268060, 'Nothing Else Matters', '1992'),
	(325557372, -1951713185, 'Drivers Seat', '1980'),
	(327186830, 2075009058, 'Give Peace A Change', '1969'),
	(328964175, 1247235071, 'Take Me Home Country Roads', '1971'),
	(333593913, 1612050607, 'Allright Now', '1970'),
	(334458795, -655705941, 'Won\'t Get Fooled Again', '1971'),
	(344381648, 1078280073, 'Vicious Circle', '1976'),
	(350517203, 300227079, 'Thunderstruck', ''),
	(351347965, 2103626509, 'Once Upon A Time In The West', '1969'),
	(352569357, 703917318, 'The River', '1981'),
	(354188724, -830271915, 'Je T\'Aime Moi Non Plus', '1969'),
	(355915737, 788382665, 'Back Home', '1970'),
	(365817404, 12761441, 'Gin House Blues', '1967'),
	(366431989, 1402835964, 'Marian', '1969'),
	(373608147, 1609879455, 'Summertime Blues', '1968'),
	(373699449, -1541988127, 'She Drives Me Crazy', '1989'),
	(378264122, -1840895747, 'That Was Yesterday', '1985'),
	(380818817, -1625861591, 'Lady In Red', '1986'),
	(383370249, 1983372005, 'Blowing In The Wind', '1963'),
	(396009929, -610283353, 'Sound And Vision', '1977'),
	(400921583, 556739931, 'Boys Of Summer', '1984'),
	(402720918, 573990631, 'Obladi Oblada', '1969'),
	(421940150, -1931196078, 'Whole Lotta Love', '1969'),
	(423839194, 919077722, 'The Letter', '1967'),
	(425056400, 120070034, 'Young Guns (Go For It)', '1982'),
	(429330183, -18736803, 'Welterusten Mhr De President', '1966'),
	(431031626, -686148219, 'Can\'t Stop Loving You', '1988'),
	(431074704, -1309200378, 'You\'Re My Best Friend', '1976'),
	(431288704, 1189783578, 'The Reflex', '1984'),
	(444271666, -745193175, 'Margio', '1966'),
	(451805273, 101625211, 'Love Is All', '1975'),
	(457761715, -903811847, 'Seasons', '1970'),
	(457995651, 23949240, 'Marie Jolie', '1969'),
	(461513263, 108561666, 'Sinds 1 Dag Of 2 (32 Jaar)', '1981'),
	(480129737, -2114565752, 'Friday\'s Child', '1967'),
	(482005666, 1776178174, 'Cecilia', '1970'),
	(486178235, 70095452, 'Nothing Compares 2 U', '1990'),
	(492873841, -1465249295, 'Jailhouse Rock', '1973'),
	(495445825, 1562397053, 'House Of The Rising Sun', '1964'),
	(503490205, -155502526, 'No Woman No Cry (Live)', '1975'),
	(514472307, -657243780, 'Hey Joe', '1967'),
	(516954932, -222576938, 'Denis', '1978'),
	(521236726, 733229466, 'You Took The Words Right Out Of My Mouth', ''),
	(522077974, -227070463, 'Keep On Running', '1966'),
	(525108861, 86772412, 'Stan', '2000'),
	(530389951, 41000947, 'Nobody\'s Wife', '1997'),
	(545277706, -1935131992, 'Love Rears Its Ugly Head', '1990'),
	(561529248, 1776178174, 'Sound Of Silence', '1966'),
	(567088262, -502511414, 'Broken Wings', '1985'),
	(579700441, 2139841390, 'When Doves Cry', '1984'),
	(581055194, -516134693, 'California Dreamin\'', '1966'),
	(586776835, 719205993, 'Year Of The Cat', '1977'),
	(587019668, 1356380954, 'Sympathy', '1970'),
	(588461757, -379033558, 'Piano Man', '1975'),
	(599755913, 1118101249, 'Igy', '1982'),
	(600168311, 73966683, 'True', '1983'),
	(600179600, 1413570544, 'Callow La Vita', '1968'),
	(622889004, -1840895747, 'Cold As Ice', '1977'),
	(624542742, -1697085244, 'House Of The Rising Sun', '1970'),
	(625628006, -898602868, 'Worn Down Piano', '1977'),
	(631595781, 1362979574, 'Private Dancer', '1984'),
	(636308565, -484279479, 'Du', '1971'),
	(636428461, -234207170, 'God Only Knows', '1966'),
	(637357832, -1416427618, 'Otherside', ''),
	(642247971, 1975379608, 'Never Tear Us Apart', '1988'),
	(667601380, -1503944397, 'Use Somebody', ''),
	(672448449, 869493020, 'Gimme All Your Lovin\'', '1984'),
	(677271393, -1324770548, 'Light My Fire', '1967'),
	(686104014, 500481611, 'Soley Soley', '1971'),
	(688955309, 1094304007, 'Nights In White Satin', '1968'),
	(706942301, 1571856985, 'Spirit In The Sky', '1970'),
	(709589652, 41000947, 'R U Kiddin\' Me', '1999'),
	(717750448, 650363985, 'Eloise', '1968'),
	(721179913, 573990631, 'Michelle', '1966'),
	(734948666, -379033558, 'Uptown Girl', '1983'),
	(735705061, 244516989, 'Smells Like Teen Spirit', '1991'),
	(736213701, 1776178174, 'Bridge Over Troubled Water', '1970'),
	(738557989, -222342397, 'Don\'t Leave Me This Way', '1977'),
	(739834601, 733229466, 'Paradise By The Dashboard Light', '1978'),
	(747198144, 864028268, 'Sylvia', '1972'),
	(750656480, 70095452, 'Troy', '1987'),
	(753062974, 1429849605, 'Song Sung Blue', '1972'),
	(759742922, 1321658515, 'Save Tonight', '1998'),
	(775392288, 1046970408, 'Tin Soldier', '1968'),
	(781196681, -227070463, 'Gimme Some Lovin\'', '1966'),
	(789881979, -1002218262, 'Breakfast At Tiffany\'S', '1995'),
	(794578271, 1983372005, 'Lay Lady Lay', '1969'),
	(797438458, 94877885, 'Excerpt From A Teenage-Opera', '1967'),
	(810882702, 767053918, 'Slippery People (Live)', '1985'),
	(813360649, -845070712, 'Temptation', '1961'),
	(820234637, -1434564204, 'You Oughta Know', '1995'),
	(820513450, 833576578, 'Like A Prayer', '1989'),
	(826362978, 762489520, 'Poppa Joe', '1972'),
	(839339507, -1309200378, 'I Want To Break Free', ''),
	(846115040, -1330843032, 'Harder Dan Ik Hebben Kan', '1999'),
	(851226249, -1711447613, 'You Are So Beautiful', '1990'),
	(852355533, -1950379028, 'Without You', '1972'),
	(863117608, 1975379608, 'Suicide Blonde', '1990'),
	(865881946, 1604794853, 'Ca Plane Pour Moi', '1978'),
	(873367894, 852020324, 'Radio', '1972'),
	(888995727, -489486865, 'Crazy', '1991'),
	(889738517, -1498270497, 'Summer In The City', '1966'),
	(890260790, -1029447057, 'I Would Stay', '2000'),
	(890849569, 1776178174, 'The Boxer', '1969'),
	(893903103, 1039228358, 'Fantasy', '1978'),
	(895665169, 1973254617, 'Burning Heart', '1983'),
	(908319452, -244772187, 'Sultans Of Swing', '1978'),
	(924574956, 1367411891, 'She\'s Not There', '1978'),
	(930071086, 575126775, 'I Will Follow', '1982'),
	(935892159, -1386702764, 'Yellow River', '1970'),
	(938594469, -827790526, 'Fire', '1979'),
	(944195531, 622993772, 'Red Red Wine', '1983'),
	(952860514, 2066867830, 'Eye In The Sky', '1982'),
	(952892779, -245311029, 'Arms Of Mary', '1976'),
	(956479345, -41019207, 'In A Gadda Da Vida', '1970'),
	(959986060, 1199751890, 'Past, Present And Future', '1971'),
	(966124957, 1208466446, 'Horse With No Name', '1972'),
	(980712024, 1227630123, 'Woman In Love', '1980'),
	(988450469, 2008880147, 'Never Be The Same Again', '2000'),
	(1004230719, -684544022, 'Coz I Luv You', '1971'),
	(1010616461, 21009856, 'No Milk Today', '1966'),
	(1016915552, -676365007, 'Vlaanderen Boven', '1979'),
	(1028816690, 620660612, 'Not An Addict', '1995'),
	(1037419078, -1507315126, 'I\'M Going Home', '1970'),
	(1038359484, 703917318, 'Dancing In The Dark', '1984'),
	(1043178175, 1350475974, 'Fools Gold', '1989'),
	(1051330664, -1256230491, 'Tainted Love', '1981'),
	(1052209211, 2066867830, 'Old And Wise', '1982'),
	(1062125100, 1053979118, 'Carrie Anne', '1967'),
	(1066422710, 1031400720, 'Mama', '1983'),
	(1067944854, 1983372005, 'Hurricane', '1976'),
	(1068730141, -764305344, 'Always', '1994'),
	(1079208269, -1055337201, 'I Believe I Can Fly', '1996'),
	(1080663692, -159235064, 'In The Summertime', '1970'),
	(1085074335, 1522770076, 'Spicks And Specks', '1967'),
	(1094912675, -234207170, 'Sloop John B', '1966'),
	(1096574461, 768708899, 'Fireball', '1971'),
	(1100226520, 2016477344, 'Play With Fire', '1965'),
	(1104684901, 853020024, 'Winds Of Change', '1991'),
	(1105123611, -598389161, 'When Doves Cry', '1984'),
	(1115039329, 73966683, 'Gold', '1983'),
	(1116474345, -686148219, 'Rosanna', '1982'),
	(1118664629, 570856864, 'Power To All Our Friends', '1973'),
	(1120900669, 506175544, 'Runnin\' With The Devil', '1980'),
	(1125560153, 1400483897, 'World Of Birds', '1967'),
	(1142713745, -244772187, 'Money For Nothing', '1985'),
	(1144494160, -870280204, 'Money', '1973'),
	(1149332910, -1607996025, 'Lucky Man', '1971'),
	(1157270092, -1122223101, 'Superstitious', '1988'),
	(1157759057, 1429849605, 'I Am I Said', '1971'),
	(1178222199, 1367411891, 'Samba Pa Ti', '1973'),
	(1181066542, 2016477344, 'Honky Tonk Women', '1969'),
	(1185039388, -640638345, 'Bend Me, Shape Me', '1968'),
	(1186117152, -1866398599, 'Like The Way I Do', '1989'),
	(1186646853, 1046970408, 'All Or Nothing', '1966'),
	(1201373847, -163269365, 'Mr. Tambourine Man', '1965'),
	(1201885442, 2016477344, 'Angie', '1973'),
	(1216341262, 73966683, 'Through The Barricades', '1986'),
	(1238450878, 791469089, 'It Must Have Been Love', '1990'),
	(1249182551, 1567450967, 'I Don\'t Like Mondays', '1979'),
	(1254028658, 1650079253, 'Beat It', '1983'),
	(1254283284, 762489520, 'Blockbuster', '1973'),
	(1261953990, -751609904, 'Are You Gonna Go My Way', ''),
	(1265235297, 1367411891, 'Hold On', '1982'),
	(1266033301, 2016477344, 'Under The Boardwalk', '1965'),
	(1270848895, 435814320, 'Your Song', '1971'),
	(1275372209, 998411072, 'Every Little Thing She Does', '1981'),
	(1278384357, -1184636307, 'My Special Prayer', '1969'),
	(1281974564, 965479013, 'All I Wanna Do Is Make Love', '1990'),
	(1285191191, 575126775, 'New Years Day', '1983'),
	(1286035163, -197100644, 'Jeremy', '1992'),
	(1295107981, 1309289008, 'Wallstreet Shuffle', '1974'),
	(1295974955, 1402835964, 'Without Your Love', '1967'),
	(1299261807, -1829197801, 'Roll Over Lay Down', '1975'),
	(1303860656, -722648496, 'Relight My Fire', '1980'),
	(1308230722, 1522770076, 'Words', '1968'),
	(1311662923, 1280542399, 'I Put A Spell On You', '1966'),
	(1320717047, 768708899, 'Black Night', '1970'),
	(1330288477, -1122223101, 'The Final Countdown', '1986'),
	(1338766667, -1489825606, 'Wooly Bully', '1965'),
	(1343373316, -887789578, 'More Than Words', '1991'),
	(1345578072, -1559947503, 'Standing And Staring', '1966'),
	(1362058883, -1416427618, 'Dani California', ''),
	(1376828110, -989019880, 'If', '1971'),
	(1386919143, -1276897926, 'Easy Livin\'', '1973'),
	(1388378244, 1055112943, 'Sweet Hitch Hiker', '1971'),
	(1389007676, -1434564204, 'Ironic', '1995'),
	(1402330769, -1751966251, 'All Night Long', '1980'),
	(1404074959, 2016477344, 'Sympathy For The Devil', '1968'),
	(1415941251, 1326316097, 'Non Non Rien N\'A Chang‚', '1971'),
	(1419888509, -1309200378, 'Another One Bites The Dust', '1980'),
	(1422087960, -1108836583, 'Sunshine Of Your Love', '1968'),
	(1424297285, -1908622550, 'Show Me The Way (Live)', '1976'),
	(1428025034, 23949240, 'I Want To Live', '1969'),
	(1441899308, -379033558, 'Goodnight Saigon', '1982'),
	(1443277642, 2047435934, 'Jesamine', '1968'),
	(1444582248, 219365846, 'Down Town', '1965'),
	(1445397388, -1601482825, 'Wuthering Heights', '1978'),
	(1451796714, 1975379608, 'Need You Tonight', '1987'),
	(1452195553, -671687381, 'No More Tears', '1992'),
	(1452642571, 1650079253, 'Beat It', '1988'),
	(1468686875, -2111770804, 'A Whiter Shade Of Pale', '1967'),
	(1477754659, -846903740, 'Enola Gay', '1982'),
	(1483781586, -871741411, 'Abracadabra', '1982'),
	(1486609689, -903811847, 'Weekend', '1979'),
	(1487019447, -390932839, 'I Was Made For Loving You', '1979'),
	(1489569366, -610283353, 'Space Oddity', '1969'),
	(1493919645, -1597499331, 'Smooth Operator', '1984'),
	(1494287800, -1309200378, 'Innuendo', ''),
	(1501383744, 1562397053, 'Bring In On Home To Me', '1965'),
	(1504028921, 2016477344, 'Ruby Tuesday', '1967'),
	(1516020131, 1104317927, 'Band On The Run', '1974'),
	(1516480253, -659339082, 'An Der Schonen Blauen Donau', '1867'),
	(1518509634, -1179306573, 'Radio', '1999'),
	(1531832269, 1013652535, 'Clocks', ''),
	(1543583236, 1926879959, 'Don\'t You Want Me', '1982'),
	(1547055089, -713548807, 'Fragile', '1987'),
	(1551695930, 1055112943, 'Bad Moon Rising', '1969'),
	(1557450936, 99273129, 'Games People Play', '1969'),
	(1562486999, -571892622, 'Black Betty', '1978'),
	(1567713311, 853020024, 'Still Loving You', '1987'),
	(1572353722, 514795512, 'Lola (Live)', '1970'),
	(1576995996, 1464711004, 'Under Pressure', '1981'),
	(1578968774, 575126775, 'With Or Without You', '1987'),
	(1586709885, 1376842404, 'Heartbeat', '1958'),
	(1614914821, -1381457460, 'Russian Spy And I', '1966'),
	(1617870475, -470635711, 'Total Eclipse Of The Heart', '1983'),
	(1627095088, -1465249295, 'In The Ghetto', '1969'),
	(1642182108, 1094304007, 'Go Now', '1965'),
	(1648355533, -448843522, 'Death Of A Clown', '1967'),
	(1652366208, -1649784257, 'Easy', '1992'),
	(1654624215, 876249911, 'Sugar Baby Love', '1974'),
	(1658395735, 276893199, 'Heaven', '1985'),
	(1668887895, -1122464909, 'What\'s Up', '1993'),
	(1671738598, -309855186, 'Two Princes', '1993'),
	(1671796318, 676975928, 'C\'Mon Marianne', '1967'),
	(1675546234, 2130819293, 'Lust For Life', '1977'),
	(1680631774, 1303505691, 'Saturday Night', '1978'),
	(1689543021, -1276897926, 'Look At Yourself', '1971'),
	(1706612917, -873187409, 'Bittersweet Symphony', '1997'),
	(1719420857, -2052401597, 'I\'M A Man', '1969'),
	(1722002114, 853208462, 'So Long', '1980'),
	(1725488543, -1188326341, 'Feels Like Heaven', '1984'),
	(1743412986, -1309200378, 'Bohemian Rhapsody', '1975'),
	(1748866091, -1309200378, 'Who Wants To Live Forever', '1986'),
	(1758971108, -61650428, 'Teach Your Children', '1970'),
	(1763518830, 276893199, 'Everything I Do', '1991'),
	(1776299941, 573990631, 'Yellow Submarine', '1966'),
	(1778404139, 115565171, 'Stil In Mij', '1995'),
	(1778877623, 1053979118, 'Busstop', '1966'),
	(1781957234, 339315374, 'Rood', ''),
	(1786572179, 575126775, 'Sunday Bloody Sunday', '1983'),
	(1793746787, 1522770076, 'I Can\'t See Nobody', '1967'),
	(1797618945, -777034899, 'Rock Around The Clock', '1956'),
	(1797771954, -1497180445, 'Nothing Rhymed', '1970'),
	(1808657524, -603589471, 'Damn Those Eyes', '1999'),
	(1830211035, 1189783578, 'Ordinary', '1993'),
	(1832664268, -2056965358, 'Time Stood Still', '1992'),
	(1835834383, -1083615753, 'Albatross', '1968'),
	(1840030972, 411078507, 'Welcome To My House', '1969'),
	(1845607780, 2016477344, 'That\'s How Strong My Love Is', '1965'),
	(1847021736, -234207170, 'Then I Kissed Her', '1967'),
	(1848686064, 380636607, 'Torn', '1997'),
	(1852789538, -1873959275, 'Peace Planet', '1971'),
	(1852794701, 1662686343, 'Everybody Wants To Rule Wrld', '1985'),
	(1854284838, -655705941, 'I\'M A Boy', '1966'),
	(1869152568, 2139841390, 'Purple Rain', '1984'),
	(1873306017, 1048715505, 'Life\'s What You Make It', '1985'),
	(1880681428, -401115532, 'November Rain', '1992'),
	(1882945352, -418400280, 'The Heat Is On', '1985'),
	(1884640746, 573990631, 'I Want To Hold Your Hand', '1964'),
	(1885700302, 1784726053, 'Embarrassment', '1981'),
	(1888706677, -655705941, 'See Me, Feel Me', '1970'),
	(1894486689, -392017120, 'I Hear You Now', '1980'),
	(1904157823, 1766132336, 'Somebody To Love', '1967'),
	(1906409322, 1094304007, 'Question', '1970'),
	(1908552857, -323664070, 'Kids In America', '1981'),
	(1910966606, -1845098846, 'In A Lifetime', '1986'),
	(1916268702, 1651809830, 'Relax', '1984'),
	(1927804866, -598895569, 'Get Here', '1991'),
	(1928326215, 998411072, 'Roxanne', '1979'),
	(1932149520, -652305711, 'Owner Of A Lonely Heart', '1983'),
	(1934638188, -665117463, 'Diana', '1995'),
	(1936250461, 276893199, 'Summer Of \'69', '1988'),
	(1942644743, -1454551761, 'Fire', '1968'),
	(1949486618, -764305344, 'Bed Of Roses', '1993'),
	(1953304691, 770541162, 'It\'s A Long Way There', '1976'),
	(1953943820, -769316494, 'Timothy', '1972'),
	(1956488721, -870280204, 'One Of These Days', '1971'),
	(1956948912, 2021745197, 'Hedonism', '1997'),
	(1959152124, -1083615753, 'Sarah', '1979'),
	(1967091559, 805041448, 'Run Away', '1961'),
	(1988601556, 1042985826, 'Blueberry Hill', '1957'),
	(1997937409, 2016477344, 'Fool To Cry', '1976'),
	(2004262402, 573990631, 'Yesterday', '1965'),
	(2007649694, 397986810, 'Nescio', '1983'),
	(2012991220, -1185728452, 'How Do You Do', '1971'),
	(2014200552, -2114565752, 'Baby Please Don\'t Go', '1964'),
	(2016143219, 2139841390, '1999', '1982'),
	(2016560949, 1055112943, 'Travelin\' Band', '1970'),
	(2017441647, 1055112943, 'Suzie Q', '1968'),
	(2021915678, -452266073, 'Don\'t You (Forget About Me)', '1985'),
	(2022646048, -392432807, 'Sugar Sugar', '1969'),
	(2027049312, 764808481, 'Young Ones', '1962'),
	(2027096816, -1083615753, 'Go Your Own Way', '1977'),
	(2032077608, -846903740, 'Maid Of Orleans', '1982'),
	(2034772495, 1627969183, 'Against All Odds', '1984'),
	(2039282675, 1385568558, 'Atlantis', '1968'),
	(2039981763, 1013652535, 'Viva La Vida', ''),
	(2041952546, 1046970408, 'Itchycoo Park', '1967'),
	(2043733798, 788382665, 'Going To The Run', '1991'),
	(2063998971, -401115532, 'Sweet Child Of Mine', '1988'),
	(2065188034, -2113676125, 'Run To The Water', '1999'),
	(2067903530, 1506715136, 'This Town Ain\'t Big Enough', '1974'),
	(2072866935, -1324770548, 'Unknown Soldier', '1968'),
	(2080868824, -764305344, 'You Give Love A Bad Name', '1986'),
	(2086159514, -1596374408, 'Zombie', '1994'),
	(2091864091, 864028268, 'Hocus Pocus', '1971'),
	(2092907289, 1879500797, 'Vienna', '1981'),
	(2097174068, 1149354263, 'Long Train Running', '1973'),
	(2112374379, -1790411042, 'I\'M A Believer', '1966'),
	(2117836574, 998411072, 'Message In A Bottle', '1979'),
	(2133188398, -771385000, 'Uptown Downtown', '1969'),
	(2135717203, -2052846374, 'River Deep Moutain High', '1966');
/*!40000 ALTER TABLE `song` ENABLE KEYS */;


-- Structuur van  tabel oefen.users wordt geschreven
CREATE TABLE IF NOT EXISTS `users` (
  `ID` int(11) NOT NULL AUTO_INCREMENT,
  `Naam` varchar(50) NOT NULL DEFAULT '0',
  `Wachtwoord` varchar(50) NOT NULL DEFAULT '0',
  PRIMARY KEY (`ID`)
) ENGINE=InnoDB AUTO_INCREMENT=3 DEFAULT CHARSET=latin1;

-- Dumpen data van tabel oefen.users: ~1 rows (ongeveer)
DELETE FROM `users`;
/*!40000 ALTER TABLE `users` DISABLE KEYS */;
INSERT INTO `users` (`ID`, `Naam`, `Wachtwoord`) VALUES
	(1, 'Jan de vries', '1234'),
	(2, 'Henk', '1234');
/*!40000 ALTER TABLE `users` ENABLE KEYS */;


-- Structuur van  tabel oefen.voorraad wordt geschreven
CREATE TABLE IF NOT EXISTS `voorraad` (
  `Vies` int(11) DEFAULT NULL,
  `Leuk` int(11) DEFAULT NULL
) ENGINE=InnoDB DEFAULT CHARSET=latin1;

-- Dumpen data van tabel oefen.voorraad: ~0 rows (ongeveer)
DELETE FROM `voorraad`;
/*!40000 ALTER TABLE `voorraad` DISABLE KEYS */;
INSERT INTO `voorraad` (`Vies`, `Leuk`) VALUES
	(4989, 4988);
/*!40000 ALTER TABLE `voorraad` ENABLE KEYS */;
/*!40101 SET SQL_MODE=IFNULL(@OLD_SQL_MODE, '') */;
/*!40014 SET FOREIGN_KEY_CHECKS=IF(@OLD_FOREIGN_KEY_CHECKS IS NULL, 1, @OLD_FOREIGN_KEY_CHECKS) */;
/*!40101 SET CHARACTER_SET_CLIENT=@OLD_CHARACTER_SET_CLIENT */;
